frame,gt,Baseline using 25% of train data,Baseline using 50% of train data,Baseline using 75% of train data,Baseline using 100% of train data,Advanced using 25% of train data,Advanced using 50% of train data,Advanced using 75% of train data,Advanced using 100% of train data
0,0,0,0,0,0,0,0,0,0
1,0,0,0,0,0,0,0,0,0
2,0,0,0,0,0,0,0,0,0
3,0,0,0,0,0,0,0,0,0
4,0,0,0,0,0,0,0,0,0
5,0,0,0,0,0,0,0,0,0
6,0,0,0,0,0,0,0,0,0
7,0,0,0,0,0,0,0,0,0
8,0,0,0,0,0,0,0,0,0
9,0,0,0,0,0,0,0,0,0
10,0,0,0,0,0,0,0,0,0
11,0,0,0,0,0,0,0,0,0
12,0,0,0,0,0,0,0,0,0
13,0,0,0,0,0,0,0,0,0
14,0,0,0,0,0,0,0,0,0
15,0,0,0,0,0,0,0,0,0
16,0,0,0,0,0,0,0,0,0
17,0,0,0,0,0,0,0,0,0
18,0,0,0,0,0,0,0,0,0
19,0,0,0,0,0,0,0,0,0
20,0,0,0,0,0,0,0,0,0
21,0,0,0,0,0,0,0,0,0
22,0,0,0,0,0,0,0,0,0
23,0,0,0,0,0,0,0,0,0
24,0,0,0,0,0,0,0,0,0
25,0,0,0,0,0,0,0,0,0
26,0,0,0,0,0,0,0,0,0
27,0,0,0,0,0,0,0,0,0
28,0,0,0,0,0,0,0,0,0
29,0,0,0,0,0,0,0,0,0
30,0,0,0,0,0,0,0,0,0
31,0,0,0,0,0,0,0,0,0
32,0,0,0,0,0,0,0,0,0
33,0,0,0,0,0,0,0,0,0
34,0,0,0,0,0,0,0,0,0
35,0,0,0,0,0,0,0,0,0
36,0,0,0,0,0,0,0,0,0
37,0,0,0,0,0,0,0,0,0
38,0,0,0,0,0,0,0,0,0
39,0,0,0,0,0,0,0,0,0
40,0,0,0,0,0,0,0,0,0
41,0,0,0,0,0,0,0,0,0
42,0,0,0,0,0,0,0,0,0
43,0,0,0,0,0,0,0,0,0
44,0,0,0,0,0,0,0,0,0
45,0,0,0,0,0,0,0,0,0
46,0,0,0,0,0,0,0,0,0
47,0,0,0,0,0,0,0,0,0
48,0,0,0,0,0,0,0,0,0
49,0,0,0,0,0,0,0,0,0
50,0,0,0,0,0,0,0,0,0
51,0,0,0,0,0,0,0,0,0
52,0,0,0,0,0,0,0,0,0
53,0,0,0,0,0,0,0,0,0
54,0,0,0,0,0,0,0,0,0
55,0,0,0,0,0,0,0,0,0
56,0,0,0,0,0,0,0,0,0
57,0,0,0,0,0,0,0,0,0
58,0,0,0,0,0,0,0,0,0
59,0,0,0,0,0,0,0,0,0
60,0,0,0,0,0,0,0,0,0
61,0,0,0,0,0,0,0,0,0
62,0,0,0,0,0,0,0,0,0
63,0,0,0,0,0,0,0,0,0
64,0,0,0,0,0,0,0,0,0
65,0,0,0,0,0,0,0,0,0
66,0,0,0,0,0,0,0,0,0
67,0,0,0,0,0,0,0,0,0
68,0,0,0,0,0,0,0,0,0
69,0,0,0,0,0,0,0,0,0
70,0,0,0,0,0,0,0,0,0
71,0,0,0,0,0,0,0,0,0
72,0,0,0,0,0,0,0,0,0
73,0,0,0,0,0,0,0,0,0
74,0,0,0,0,0,0,0,0,0
75,0,0,0,0,0,0,0,0,0
76,0,0,0,0,0,0,0,0,0
77,0,0,0,0,0,0,0,0,0
78,0,0,0,0,0,0,0,0,0
79,0,0,0,0,0,0,0,0,0
80,0,0,0,0,0,0,0,0,0
81,0,0,0,0,0,0,0,0,0
82,0,0,0,0,0,0,0,0,0
83,0,0,0,0,0,0,0,0,0
84,0,0,0,0,0,0,0,0,0
85,0,0,0,0,0,0,0,0,0
86,0,0,0,0,0,0,0,0,0
87,0,0,0,0,0,0,0,0,0
88,0,0,0,0,0,0,0,0,0
89,0,0,0,0,0,0,0,0,0
90,0,0,0,0,0,0,0,0,0
91,0,0,0,0,0,0,0,0,0
92,0,0,0,0,0,0,0,0,0
93,0,0,0,0,0,0,0,0,0
94,0,0,0,0,0,0,0,0,0
95,0,0,0,0,0,0,0,0,0
96,0,0,0,0,0,0,0,0,0
97,0,0,0,0,0,0,0,0,0
98,0,0,0,0,0,0,0,0,0
99,0,0,0,0,0,0,0,0,0
100,0,0,0,0,0,0,0,0,0
101,0,0,0,0,0,0,0,0,0
102,0,0,0,0,0,0,0,0,0
103,0,0,0,0,0,0,0,0,0
104,0,0,0,0,0,0,0,0,0
105,0,0,0,0,0,0,0,0,0
106,0,0,0,0,0,0,0,0,0
107,0,0,0,0,0,0,0,0,0
108,0,0,0,0,0,0,0,0,0
109,0,0,0,0,0,0,0,0,0
110,0,0,0,0,0,0,0,0,0
111,0,0,0,0,0,0,0,0,0
112,0,0,0,0,0,0,0,0,0
113,0,0,0,0,0,0,0,0,0
114,0,0,0,0,0,0,0,0,0
115,0,0,0,0,0,0,0,0,0
116,0,0,0,0,0,0,0,0,0
117,0,0,0,0,0,0,0,0,0
118,0,0,0,0,0,0,0,0,0
119,0,0,0,0,0,0,0,0,0
120,0,0,0,0,0,0,0,0,0
121,0,0,0,0,0,0,0,0,0
122,0,0,0,0,0,0,0,0,0
123,0,0,0,0,0,0,0,0,0
124,0,0,0,0,0,0,0,0,0
125,0,0,0,0,0,0,0,0,0
126,0,0,0,0,0,0,0,0,0
127,0,0,0,0,0,0,0,0,0
128,0,0,0,0,0,0,0,0,0
129,0,0,0,0,0,0,0,0,0
130,0,0,0,0,0,0,0,0,0
131,0,0,0,0,0,0,0,0,0
132,0,0,0,0,0,0,0,0,0
133,0,0,0,0,0,0,0,0,0
134,0,0,0,0,0,0,0,0,0
135,0,0,0,0,0,0,0,0,0
136,0,0,0,0,0,0,0,0,0
137,0,0,0,0,0,0,0,0,0
138,0,0,0,0,0,0,0,0,0
139,0,0,0,0,0,0,0,0,0
140,0,0,0,0,0,0,0,0,0
141,0,0,0,0,0,0,0,0,0
142,0,0,0,0,0,0,0,0,0
143,0,0,0,0,0,0,0,0,0
144,0,0,0,0,0,0,0,0,0
145,0,0,0,0,0,0,0,0,0
146,0,0,0,0,0,0,0,0,0
147,0,0,0,0,0,0,0,0,0
148,0,0,0,0,0,0,0,0,0
149,0,0,0,0,0,0,0,0,0
150,0,0,0,0,0,0,0,0,0
151,0,0,0,0,0,0,0,0,0
152,0,0,0,0,0,0,0,0,0
153,0,0,0,0,0,0,0,0,0
154,0,0,0,0,0,0,0,0,0
155,0,0,0,0,0,0,0,0,0
156,0,0,0,0,0,0,0,0,0
157,0,0,0,0,0,0,0,0,0
158,0,0,0,0,0,0,0,0,0
159,0,0,0,0,0,0,0,0,0
160,0,0,0,0,0,0,0,0,0
161,0,0,0,0,0,0,0,0,0
162,0,0,0,0,0,0,0,0,0
163,0,0,0,0,0,0,0,0,0
164,0,0,0,0,0,0,0,0,0
165,0,0,0,0,0,0,0,0,0
166,0,0,0,0,0,0,0,0,0
167,0,0,0,0,0,0,0,0,0
168,0,0,0,0,0,0,0,0,0
169,0,0,0,0,0,0,0,0,0
170,0,0,0,0,0,0,0,0,0
171,0,0,0,0,0,0,0,0,0
172,0,0,0,0,0,0,0,0,0
173,0,0,0,0,0,0,0,0,0
174,0,0,0,0,0,0,0,0,0
175,0,0,0,0,0,0,0,0,0
176,0,0,0,0,0,0,0,0,0
177,0,0,0,0,0,0,0,0,0
178,0,0,0,0,0,0,0,0,0
179,0,0,0,0,0,0,0,0,0
180,0,0,0,0,0,0,0,0,0
181,0,0,0,0,0,0,0,0,0
182,0,0,0,0,0,0,0,0,0
183,0,0,0,0,0,0,0,0,0
184,0,0,0,0,0,0,0,0,0
185,0,0,0,0,0,0,0,0,0
186,0,0,0,0,0,0,0,0,0
187,0,0,0,0,0,0,0,0,0
188,0,0,0,0,0,0,0,0,0
189,0,0,0,0,0,0,0,0,0
190,0,0,0,0,0,0,0,0,0
191,0,0,0,0,0,0,0,0,0
192,0,0,0,0,0,0,0,0,0
193,0,0,0,0,0,0,0,0,0
194,0,0,0,0,0,0,0,0,0
195,0,0,0,0,0,0,0,0,0
196,0,0,0,0,0,0,0,0,0
197,0,0,0,0,0,0,0,0,0
198,0,0,0,0,0,0,0,0,0
199,0,0,0,0,0,0,0,0,0
200,0,0,0,0,0,0,0,0,0
201,0,0,0,0,0,0,0,0,0
202,0,0,0,0,0,0,0,0,0
203,0,0,0,0,0,0,0,0,0
204,0,0,0,0,0,0,0,0,0
205,0,0,0,0,0,0,0,0,0
206,0,0,0,0,0,0,0,0,0
207,0,0,0,0,0,0,0,0,0
208,0,0,0,0,0,0,0,0,0
209,0,0,0,0,0,0,0,0,0
210,0,0,0,0,0,0,0,0,0
211,0,0,0,0,0,0,0,0,0
212,0,0,0,0,0,0,0,0,0
213,0,0,0,0,0,0,0,0,0
214,0,0,0,0,0,0,0,0,0
215,0,0,0,0,0,0,0,0,0
216,0,0,0,0,0,0,0,0,0
217,0,0,0,0,0,0,0,0,0
218,0,0,0,0,0,0,0,0,0
219,0,0,0,0,0,0,0,0,0
220,0,1,0,0,0,0,0,0,0
221,0,1,0,0,0,0,0,0,0
222,0,1,0,0,0,0,0,0,0
223,0,1,0,0,0,0,0,0,0
224,0,1,0,0,0,0,0,0,0
225,0,1,0,0,0,0,0,0,0
226,0,1,0,0,0,0,0,0,0
227,0,1,0,0,0,0,0,0,0
228,0,1,0,0,0,0,0,0,0
229,0,1,0,0,0,0,0,0,0
230,0,1,0,0,0,0,0,0,0
231,0,1,0,0,0,0,0,0,0
232,0,1,0,0,0,0,0,0,0
233,0,1,0,0,0,0,0,0,0
234,0,1,0,1,0,0,0,0,0
235,0,1,0,1,0,0,0,0,0
236,0,1,0,1,0,0,0,0,0
237,0,1,0,1,0,0,0,0,0
238,0,1,0,1,0,0,0,0,0
239,0,1,0,1,0,0,0,0,0
240,0,1,0,1,0,0,0,0,0
241,0,1,0,1,0,0,0,0,0
242,0,1,0,1,0,0,0,0,0
243,0,1,0,1,0,0,0,0,0
244,0,1,0,1,0,0,0,0,0
245,0,1,0,1,0,0,0,0,0
246,0,1,1,1,0,0,0,0,0
247,0,1,1,1,1,0,0,0,0
248,0,1,1,1,1,0,0,0,0
249,0,1,1,1,1,0,0,0,0
250,0,1,1,1,1,0,0,1,0
251,0,1,1,1,1,0,0,1,1
252,0,1,1,1,1,0,0,1,1
253,0,1,1,1,1,0,0,1,1
254,0,1,1,1,1,1,0,1,1
255,0,1,1,1,1,1,0,1,1
256,0,1,1,1,1,1,1,1,1
257,0,1,1,1,1,1,1,1,1
258,1,1,1,1,1,1,1,1,1
259,1,1,1,1,1,1,1,1,1
260,1,1,1,1,1,1,1,1,1
261,1,1,1,1,1,1,1,1,1
262,1,1,1,1,1,1,1,1,1
263,1,1,1,1,1,1,1,1,1
264,1,1,1,1,1,1,1,1,1
265,1,1,1,1,1,1,1,1,1
266,1,1,1,1,1,1,1,1,1
267,1,1,1,1,1,1,1,1,1
268,1,1,1,1,1,1,1,1,1
269,1,1,1,1,1,1,1,1,1
270,1,1,1,1,1,1,1,1,1
271,1,1,1,1,1,1,1,1,1
272,1,1,1,1,1,1,1,1,1
273,1,1,1,1,1,1,1,1,1
274,1,1,1,1,1,1,1,1,1
275,1,1,1,1,1,1,1,1,1
276,1,1,1,1,1,1,1,1,1
277,1,1,1,1,1,1,1,1,1
278,1,1,1,1,1,1,1,1,1
279,1,1,1,1,1,1,1,1,1
280,1,1,1,1,1,1,1,1,1
281,1,1,1,1,1,1,1,1,1
282,1,1,1,1,1,1,1,1,1
283,1,1,1,1,1,1,1,1,1
284,1,1,1,1,1,1,1,1,1
285,1,1,1,1,1,1,1,1,1
286,1,1,1,1,1,1,1,1,1
287,1,1,1,1,1,1,1,1,1
288,1,1,1,1,1,1,1,1,1
289,1,1,1,1,1,1,1,1,1
290,1,1,1,1,1,1,1,1,1
291,1,1,1,1,1,1,1,1,1
292,1,1,1,1,1,1,1,1,1
293,1,1,1,1,1,1,1,1,1
294,1,1,1,1,1,1,1,1,1
295,1,1,1,1,1,1,1,1,1
296,1,1,1,1,1,1,1,1,1
297,1,1,1,1,1,1,1,1,1
298,1,1,1,1,1,1,1,1,1
299,1,1,1,1,1,1,1,1,1
300,1,1,1,1,1,1,1,1,1
301,1,1,1,1,1,1,1,1,1
302,1,1,1,1,1,1,1,1,1
303,1,1,1,1,1,1,1,1,1
304,1,1,1,1,1,1,1,1,1
305,1,1,1,1,1,1,1,1,1
306,1,1,1,1,1,1,1,1,1
307,1,1,1,1,1,1,1,1,1
308,1,1,1,1,1,1,1,1,1
309,1,1,1,1,1,1,1,1,1
310,1,1,1,1,1,1,1,1,1
311,1,1,1,1,1,1,1,1,1
312,1,1,1,1,1,1,1,1,1
313,1,1,1,1,1,1,1,1,1
314,1,1,1,1,1,1,1,1,1
315,1,1,1,1,1,1,1,1,1
316,1,1,1,1,1,1,1,1,1
317,1,1,1,1,1,1,1,1,1
318,1,1,1,1,1,1,1,1,1
319,1,1,1,1,1,1,1,1,1
320,1,1,1,1,1,1,1,1,1
321,1,1,1,1,1,1,1,1,1
322,1,1,1,1,1,1,1,1,1
323,1,1,1,1,1,1,1,1,1
324,1,1,1,1,1,1,1,1,1
325,1,1,1,1,1,1,1,1,1
326,1,1,1,1,1,1,1,1,1
327,1,1,1,1,1,1,1,1,1
328,1,1,1,1,1,1,1,1,1
329,1,1,1,1,1,1,1,1,1
330,1,1,1,1,1,1,1,1,1
331,1,1,1,1,1,1,1,1,1
332,1,1,1,1,1,1,1,1,1
333,1,1,1,1,1,1,1,1,1
334,1,1,1,1,1,1,1,1,1
335,1,1,1,1,1,1,1,1,1
336,1,1,1,1,1,1,1,1,1
337,1,1,1,1,1,1,1,1,1
338,1,1,1,1,1,1,1,1,1
339,1,1,1,1,1,1,1,1,1
340,1,1,1,1,1,1,1,1,1
341,1,1,1,1,1,1,1,1,1
342,1,1,1,1,1,1,1,1,1
343,1,1,1,1,1,1,1,1,1
344,1,1,1,1,1,1,1,1,1
345,1,1,1,1,1,1,1,1,1
346,1,1,1,1,1,1,1,1,1
347,1,1,1,1,1,1,1,1,1
348,1,1,1,1,1,1,1,1,1
349,1,1,1,1,1,1,1,1,1
350,1,1,1,1,1,1,1,1,1
351,1,1,1,1,1,1,1,1,1
352,1,1,1,1,1,1,1,1,1
353,1,1,1,1,1,1,1,1,1
354,1,1,1,1,1,1,1,1,1
355,1,1,1,1,1,1,1,1,1
356,1,1,1,1,1,1,1,1,1
357,1,1,1,1,1,1,1,1,1
358,1,1,1,1,1,1,1,1,1
359,1,1,1,1,1,1,1,1,1
360,1,1,1,1,1,1,1,1,1
361,1,1,1,1,1,1,1,1,1
362,1,1,1,1,1,1,1,1,1
363,1,1,1,1,1,1,1,1,1
364,1,1,1,1,1,1,1,1,1
365,1,1,1,1,1,1,1,1,1
366,1,1,1,1,1,1,1,1,1
367,1,1,1,1,1,1,1,1,1
368,1,1,1,1,1,1,1,1,1
369,1,1,1,1,1,1,1,1,1
370,1,1,1,1,1,1,1,1,1
371,1,1,1,1,1,1,1,1,1
372,1,1,1,1,1,1,1,1,1
373,1,1,1,1,1,1,1,1,1
374,1,1,1,1,1,1,1,1,1
375,1,1,1,1,1,1,1,1,1
376,1,1,1,1,1,1,1,1,1
377,1,1,1,1,1,1,1,1,1
378,1,1,1,1,1,1,1,1,1
379,1,1,1,1,1,1,1,1,1
380,1,1,1,1,1,1,1,1,1
381,1,1,1,1,1,1,1,1,1
382,1,1,1,1,1,1,1,1,1
383,1,1,1,1,1,1,1,1,1
384,1,1,1,1,1,1,1,1,1
385,1,1,1,1,1,1,1,1,1
386,1,1,1,1,1,1,1,1,1
387,1,1,1,1,1,1,1,1,1
388,1,1,1,1,1,1,1,1,1
389,1,1,1,1,1,1,1,1,1
390,1,1,1,1,1,1,1,1,1
391,1,1,1,1,1,1,1,1,1
392,1,1,1,1,1,1,1,1,1
393,1,1,1,1,1,1,1,1,1
394,1,1,1,1,1,1,1,1,1
395,1,1,1,1,1,1,1,1,1
396,1,1,1,1,1,1,1,1,1
397,1,1,1,1,1,1,1,1,1
398,1,1,1,1,1,1,1,1,1
399,1,1,1,1,1,1,1,1,1
400,1,1,1,1,1,1,1,1,1
401,1,1,1,1,1,1,1,1,1
402,1,1,1,1,1,1,1,1,1
403,1,1,1,1,1,1,1,1,1
404,1,1,1,1,1,1,1,1,1
405,1,1,1,1,1,1,1,1,1
406,1,1,1,1,1,1,1,1,1
407,1,1,1,1,1,1,1,1,1
408,1,1,1,1,1,1,1,1,1
409,1,1,1,1,1,1,1,1,1
410,1,1,1,1,1,1,1,1,1
411,1,1,1,1,1,1,1,1,1
412,1,1,1,1,1,1,1,1,1
413,1,1,1,1,1,1,1,1,1
414,1,1,1,1,1,1,1,1,1
415,1,1,1,1,1,1,1,1,1
416,1,1,1,1,1,1,1,1,1
417,1,1,1,1,1,1,1,1,1
418,1,1,1,1,1,1,1,1,1
419,1,1,1,1,1,1,1,1,1
420,1,1,1,1,1,1,1,1,1
421,1,1,1,1,1,1,1,1,1
422,1,1,1,1,1,1,1,1,1
423,1,1,1,1,1,1,1,1,1
424,1,1,1,1,1,1,1,1,1
425,1,1,1,1,1,1,1,1,1
426,1,1,1,1,1,1,1,1,1
427,1,1,1,1,1,1,1,1,1
428,1,1,1,1,1,1,1,1,1
429,1,1,1,1,1,1,1,1,1
430,1,1,1,1,1,1,1,1,1
431,1,1,1,1,1,1,1,1,1
432,1,1,1,1,1,1,1,1,1
433,1,1,1,1,1,1,1,1,1
434,1,1,1,1,1,1,1,1,1
435,1,1,1,1,1,1,1,1,1
436,1,1,1,1,1,1,1,1,1
437,1,1,1,1,1,1,1,1,1
438,1,1,1,1,1,1,1,1,1
439,1,1,1,1,1,1,1,1,1
440,1,1,1,1,1,1,1,1,1
441,1,1,1,1,1,1,1,1,1
442,1,1,1,1,1,1,1,1,1
443,1,1,1,1,1,1,1,1,1
444,1,1,1,1,1,1,1,1,1
445,1,1,1,1,1,1,1,1,1
446,1,1,1,1,1,1,1,1,1
447,1,1,1,1,1,1,1,1,1
448,1,1,1,1,1,1,1,1,1
449,1,1,1,1,1,1,1,1,1
450,1,1,1,1,1,1,1,1,1
451,1,1,1,1,1,1,1,1,1
452,1,1,1,1,1,1,1,1,1
453,1,1,1,1,1,1,1,1,1
454,1,1,1,1,1,1,1,1,1
455,1,1,1,1,1,1,1,1,1
456,1,1,1,1,1,1,1,1,1
457,1,1,1,1,1,1,1,1,1
458,1,1,1,1,1,1,1,1,1
459,1,1,1,1,1,1,1,1,1
460,1,1,1,1,1,1,1,1,1
461,1,1,1,1,1,1,1,1,1
462,1,1,1,1,1,1,1,1,1
463,1,1,1,1,1,1,1,1,1
464,1,1,1,1,1,1,1,1,1
465,1,1,1,1,1,1,1,1,1
466,1,1,1,1,1,1,1,1,1
467,1,1,1,1,1,1,1,1,1
468,1,1,1,1,1,1,1,1,1
469,1,1,1,1,1,1,1,1,1
470,1,1,1,1,1,1,1,1,1
471,1,1,1,1,1,1,1,1,1
472,1,1,1,1,1,1,1,1,1
473,1,1,1,1,1,1,1,1,1
474,1,1,1,1,1,1,1,1,1
475,1,1,1,1,1,1,1,1,1
476,1,1,1,1,1,1,1,1,1
477,1,1,1,1,1,1,1,1,1
478,1,1,1,1,1,1,1,1,1
479,1,1,1,1,1,1,1,1,1
480,1,1,1,1,1,1,1,1,1
481,1,1,1,1,1,1,1,1,1
482,1,1,1,1,1,1,1,1,1
483,1,1,1,1,1,1,1,1,1
484,1,1,1,1,1,1,1,1,1
485,1,1,1,1,1,1,1,1,1
486,1,1,1,1,1,1,1,1,1
487,1,1,1,1,1,1,1,1,1
488,1,1,1,1,1,1,1,1,1
489,1,1,1,1,1,1,1,1,1
490,1,1,1,1,1,1,1,1,1
491,1,1,1,1,1,1,1,1,1
492,1,1,1,1,1,1,1,1,1
493,1,1,1,1,1,1,1,1,1
494,1,1,1,1,1,1,1,1,1
495,1,1,1,1,1,1,1,1,1
496,1,1,1,1,1,1,1,1,1
497,1,1,1,1,1,1,1,1,1
498,1,1,1,1,1,1,1,1,1
499,1,1,1,1,1,1,1,1,1
500,1,1,1,1,1,1,1,1,1
501,1,1,1,1,1,1,1,1,1
502,1,1,1,1,1,1,1,1,1
503,1,1,1,1,1,1,1,1,1
504,1,1,1,1,1,1,1,1,1
505,1,1,1,1,1,1,1,1,1
506,1,1,1,1,1,1,1,1,1
507,1,1,1,1,1,1,1,1,1
508,1,1,1,1,1,1,1,1,1
509,1,1,1,1,1,1,1,1,1
510,1,1,1,1,1,1,1,1,1
511,1,1,1,1,1,1,1,1,1
512,1,1,1,1,1,1,1,1,1
513,1,1,1,1,1,1,1,1,1
514,1,1,1,1,1,1,1,1,1
515,1,1,1,1,1,1,1,1,1
516,1,1,1,1,1,1,1,1,1
517,1,1,2,1,1,1,1,1,1
518,1,2,2,2,1,1,1,1,1
519,1,2,2,2,1,1,1,1,1
520,1,2,2,2,1,1,1,1,1
521,1,2,2,2,2,1,1,1,1
522,1,2,2,2,2,1,1,1,1
523,1,2,2,2,2,1,1,1,1
524,1,2,2,2,2,1,1,1,1
525,2,2,2,2,2,1,1,1,1
526,2,2,2,2,2,1,1,2,1
527,2,2,2,2,2,1,1,2,1
528,2,2,2,2,2,2,1,2,1
529,2,2,2,2,2,2,1,2,2
530,2,2,2,2,2,2,2,2,2
531,2,2,2,2,2,2,2,2,2
532,2,2,2,2,2,2,2,2,2
533,2,2,2,2,2,2,2,2,2
534,2,2,2,2,2,2,2,2,2
535,2,2,2,2,2,2,2,2,2
536,2,2,2,2,2,2,2,2,2
537,2,2,2,2,2,2,2,2,2
538,2,2,2,2,2,2,2,2,2
539,2,2,2,2,2,2,2,2,2
540,2,2,2,2,2,2,2,2,2
541,2,2,2,2,2,2,2,2,2
542,2,2,2,2,2,2,2,2,2
543,2,2,2,2,2,2,2,2,2
544,2,2,2,2,2,2,2,2,2
545,2,2,2,2,2,2,2,2,2
546,2,2,2,2,2,2,2,2,2
547,2,2,2,2,2,2,2,2,2
548,2,2,2,2,2,2,2,2,2
549,2,2,2,2,2,2,2,2,2
550,2,2,2,2,2,2,2,2,2
551,2,2,2,2,2,2,2,2,2
552,2,2,2,2,2,2,2,2,2
553,2,2,2,2,2,2,2,2,2
554,2,2,2,2,2,2,2,2,2
555,2,2,2,2,2,2,2,2,2
556,2,2,2,2,2,2,2,2,2
557,2,2,2,2,2,2,2,2,2
558,2,2,2,2,2,2,2,2,2
559,2,2,2,2,2,2,2,2,2
560,2,2,2,2,2,2,2,2,2
561,2,2,2,2,2,2,2,2,2
562,2,2,2,2,2,2,2,2,2
563,2,2,2,2,2,2,2,2,2
564,2,2,2,2,2,2,2,2,2
565,2,2,2,2,2,2,2,2,2
566,2,2,2,2,2,2,2,2,2
567,2,2,2,2,2,2,2,2,2
568,2,2,2,2,2,2,2,2,2
569,2,2,2,2,2,2,2,2,2
570,2,2,2,2,2,2,2,2,2
571,2,2,2,2,2,2,2,2,2
572,2,2,2,2,2,2,2,2,2
573,2,2,2,2,2,2,2,2,2
574,2,2,2,2,2,2,2,2,2
575,2,2,2,2,2,2,2,2,2
576,2,2,2,2,2,2,2,2,2
577,2,2,2,2,2,2,2,2,2
578,2,2,2,2,2,2,2,2,2
579,2,2,2,2,2,2,2,2,2
580,2,2,2,2,2,2,2,2,2
581,2,2,2,2,2,2,2,2,2
582,2,2,2,2,2,2,2,2,2
583,2,2,2,2,2,2,2,2,2
584,2,2,2,2,2,2,2,2,2
585,2,2,2,2,2,2,2,2,2
586,2,2,2,2,2,2,2,2,2
587,2,2,2,2,2,2,2,2,2
588,2,2,2,2,2,2,2,2,2
589,2,2,2,2,2,2,2,2,2
590,2,2,2,2,2,2,2,2,2
591,2,2,2,2,2,2,2,2,2
592,2,2,2,2,2,2,2,2,2
593,2,2,2,2,2,2,2,2,2
594,2,2,2,2,2,2,2,2,2
595,2,2,2,2,2,2,2,2,2
596,2,2,2,2,2,2,2,2,2
597,2,2,2,2,2,2,2,2,2
598,2,2,2,2,2,2,2,2,2
599,2,2,2,2,2,2,2,2,2
600,2,2,2,2,2,2,2,2,2
601,2,2,2,2,2,2,2,2,2
602,2,2,2,2,2,2,2,2,2
603,2,2,2,2,2,2,2,2,2
604,2,2,2,2,2,2,2,2,2
605,2,2,2,2,2,2,2,2,2
606,2,2,2,2,2,2,2,2,2
607,2,2,2,2,2,2,2,2,2
608,2,2,2,2,2,2,2,2,2
609,2,2,2,2,2,2,2,2,2
610,2,2,2,2,2,2,2,2,2
611,2,2,2,2,2,2,2,2,2
612,2,2,2,2,2,2,2,2,2
613,2,2,2,2,2,2,2,2,2
614,2,2,2,2,2,2,2,2,2
615,2,2,2,2,2,2,2,2,2
616,2,2,2,2,2,2,2,2,2
617,2,2,2,2,2,2,2,2,2
618,2,2,2,2,2,2,2,2,2
619,2,2,2,2,2,2,2,2,2
620,2,2,2,2,2,2,2,2,2
621,2,2,2,2,2,2,2,2,2
622,2,2,2,2,2,2,2,2,2
623,2,2,2,2,2,2,2,2,2
624,3,2,2,2,2,2,2,2,2
625,3,2,2,2,2,2,2,2,2
626,3,2,2,2,2,2,2,2,2
627,3,2,2,2,2,2,2,2,2
628,3,2,2,2,2,2,2,2,2
629,3,2,2,2,2,2,2,2,2
630,3,2,2,2,2,2,2,2,2
631,3,3,2,2,2,3,3,3,3
632,3,3,2,2,2,3,3,3,3
633,3,3,2,2,2,3,3,3,3
634,3,3,2,3,3,3,3,3,3
635,3,3,2,3,3,3,3,3,3
636,3,3,2,3,3,3,3,3,3
637,3,3,2,3,3,3,3,3,3
638,3,3,2,3,3,3,3,3,3
639,3,3,2,3,3,3,3,3,3
640,3,3,2,3,3,3,3,3,3
641,3,3,3,3,3,3,3,3,3
642,3,3,3,3,3,3,3,3,3
643,3,3,3,3,3,3,3,3,3
644,3,3,3,3,3,3,3,3,3
645,3,3,3,3,3,3,3,3,3
646,3,3,3,3,3,3,3,3,3
647,3,3,3,3,3,3,3,3,3
648,3,3,3,3,3,3,3,3,3
649,3,3,3,3,3,3,3,3,3
650,3,3,3,3,3,3,3,3,3
651,3,3,3,3,3,3,3,3,3
652,3,3,3,3,3,3,3,3,3
653,3,3,3,3,3,3,3,3,3
654,3,3,3,3,3,3,3,3,3
655,3,3,3,3,3,3,3,3,3
656,3,3,3,3,3,3,3,3,3
657,3,3,3,3,3,3,3,3,3
658,3,3,3,3,3,3,3,3,3
659,3,3,3,3,3,3,3,3,3
660,3,3,3,3,3,3,3,3,3
661,3,3,3,3,3,3,3,3,3
662,3,3,3,3,3,3,3,3,3
663,3,3,3,3,3,3,3,3,3
664,3,3,3,3,3,3,3,3,3
665,3,3,3,3,3,3,3,3,3
666,3,3,3,3,3,3,3,3,3
667,3,3,3,3,3,3,3,3,3
668,3,3,3,3,3,3,3,3,3
669,3,3,3,3,3,3,3,3,3
670,3,3,3,3,3,3,3,3,3
671,3,3,3,3,3,3,3,3,3
672,3,3,3,3,3,3,3,3,3
673,3,3,3,3,3,3,3,3,3
674,3,3,3,3,3,3,3,3,3
675,3,3,3,3,3,3,3,3,3
676,3,3,3,3,3,3,3,3,3
677,3,3,3,3,3,3,3,3,3
678,3,3,3,3,3,3,3,3,3
679,3,3,3,3,3,3,3,3,3
680,3,3,3,3,3,3,3,3,3
681,3,3,3,3,3,3,3,3,3
682,3,3,3,3,3,3,3,3,3
683,3,3,3,3,3,3,3,3,3
684,3,3,3,3,3,3,3,3,3
685,3,3,3,3,3,3,3,3,3
686,3,3,3,3,3,3,3,3,3
687,3,3,3,3,3,3,3,3,3
688,3,3,3,3,3,3,3,3,3
689,3,3,3,3,3,3,3,3,3
690,3,3,3,3,3,3,3,3,3
691,3,3,3,3,3,3,3,3,3
692,3,3,3,3,3,3,3,3,3
693,3,3,3,3,3,3,3,3,3
694,3,3,3,3,3,3,3,3,3
695,3,3,3,3,3,3,3,3,3
696,3,3,3,3,3,3,3,3,3
697,3,3,3,3,3,3,3,3,3
698,3,3,3,3,3,3,3,3,3
699,3,3,3,3,3,3,3,3,3
700,3,3,3,3,3,3,3,3,3
701,3,3,3,3,3,3,3,3,3
702,3,3,3,3,3,3,3,3,3
703,3,3,3,3,3,3,3,3,3
704,3,3,3,3,3,3,3,3,3
705,3,3,3,3,3,3,3,3,3
706,3,3,3,3,3,3,3,3,3
707,3,3,3,3,3,3,3,3,3
708,3,3,3,3,3,3,3,3,3
709,3,3,3,3,3,3,3,3,3
710,3,3,3,3,3,3,3,3,3
711,3,3,3,3,3,3,3,3,3
712,3,3,3,3,3,3,3,3,3
713,3,3,3,3,3,3,3,3,3
714,3,3,3,3,3,3,3,3,3
715,3,3,3,3,3,3,3,3,3
716,3,3,3,3,3,3,3,3,3
717,3,3,3,3,3,3,3,3,3
718,3,3,3,3,3,3,3,3,3
719,3,3,3,3,3,3,3,3,3
720,3,3,3,3,3,3,3,3,3
721,3,3,3,3,3,3,3,3,3
722,3,3,3,3,3,3,3,3,3
723,3,3,3,3,3,3,3,3,3
724,3,3,3,3,3,3,3,3,3
725,3,3,3,3,3,3,3,3,3
726,3,3,3,3,3,3,3,3,3
727,3,3,3,3,3,3,3,3,3
728,3,3,3,3,3,3,3,3,3
729,3,3,3,3,3,3,3,3,3
730,3,3,3,3,3,3,3,3,3
731,3,3,3,3,4,3,3,3,3
732,4,3,3,3,4,3,3,3,3
733,4,3,3,3,4,4,3,3,3
734,4,3,3,3,4,4,4,3,3
735,4,3,3,3,4,4,4,4,3
736,4,4,4,3,4,4,4,4,4
737,4,4,4,3,4,4,4,4,4
738,4,4,4,3,4,4,4,4,4
739,4,4,4,4,4,4,4,4,4
740,4,4,4,4,4,4,4,4,4
741,4,4,4,4,4,4,4,4,4
742,4,4,4,4,4,4,4,4,4
743,4,4,4,4,4,4,4,4,4
744,4,4,4,4,4,4,4,4,4
745,4,4,4,4,4,4,4,4,4
746,4,4,4,4,4,4,4,4,4
747,4,4,4,4,4,4,4,4,4
748,4,4,4,4,4,4,4,4,4
749,4,4,4,4,4,4,4,4,4
750,4,4,4,4,4,4,4,4,4
751,4,4,4,4,4,4,4,4,4
752,4,4,4,4,4,4,4,4,4
753,4,4,4,4,4,4,4,4,4
754,4,4,4,4,4,4,4,4,4
755,4,4,4,4,4,4,4,4,4
756,4,4,4,4,4,4,4,4,4
757,4,4,4,4,4,4,4,4,4
758,4,4,4,4,4,4,4,4,4
759,4,4,4,4,4,4,4,4,4
760,4,4,4,4,4,4,4,4,4
761,4,4,4,4,4,4,4,4,4
762,4,4,4,4,4,4,4,4,4
763,4,4,4,4,4,4,4,4,4
764,4,4,4,4,4,4,4,4,4
765,4,4,4,4,4,4,4,4,4
766,4,4,4,4,4,4,4,4,4
767,4,4,4,4,4,4,4,4,4
768,4,4,4,4,4,4,4,4,4
769,4,4,4,4,4,4,4,4,4
770,4,4,4,4,4,4,4,4,4
771,4,4,4,4,4,4,4,4,4
772,4,4,4,4,4,4,4,4,4
773,4,4,4,4,4,4,4,4,4
774,4,4,4,4,4,4,4,4,4
775,4,4,4,4,4,4,4,4,4
776,4,4,4,4,4,4,4,4,4
777,4,4,4,4,4,4,4,4,4
778,4,4,4,4,4,4,4,4,4
779,4,4,4,4,4,4,4,4,4
780,4,4,4,4,4,4,4,4,4
781,4,4,4,4,4,4,4,4,4
782,4,4,4,4,4,4,4,4,4
783,4,4,4,4,4,4,4,4,4
784,4,4,4,4,4,4,4,4,4
785,4,4,4,4,4,4,4,4,4
786,4,4,4,4,4,4,4,4,4
787,4,4,4,4,4,4,4,4,4
788,4,4,4,4,4,4,4,4,4
789,4,4,4,4,4,4,4,4,4
790,4,4,4,4,4,4,4,4,4
791,4,4,4,4,4,4,4,4,4
792,4,4,4,4,4,4,4,4,4
793,4,4,4,4,4,4,4,4,4
794,4,4,4,4,4,4,4,4,4
795,4,4,4,4,4,4,4,4,4
796,4,4,4,4,4,4,4,4,4
797,4,4,4,4,4,4,4,4,4
798,4,4,4,4,4,4,4,4,4
799,4,4,4,4,4,4,4,4,4
800,4,4,4,4,4,4,4,4,4
801,4,4,4,4,4,4,4,4,4
802,4,4,4,4,4,4,4,4,4
803,4,4,4,4,4,4,4,4,4
804,4,4,4,4,4,4,4,4,4
805,4,4,4,4,4,4,4,4,4
806,4,4,4,3,4,4,3,4,3
807,4,3,3,3,4,3,3,3,3
808,4,3,3,3,4,3,3,3,3
809,4,3,3,3,4,3,3,3,3
810,3,3,3,3,3,3,3,3,3
811,3,3,3,3,3,3,3,3,3
812,3,3,3,3,3,3,3,3,3
813,3,3,3,3,3,3,3,3,3
814,3,3,3,3,3,3,3,3,3
815,3,3,3,3,3,3,3,3,3
816,3,3,3,3,3,3,3,3,3
817,3,3,3,3,3,3,3,3,3
818,3,3,3,3,3,3,3,3,3
819,3,3,3,3,3,3,3,3,3
820,3,3,3,3,3,3,3,3,3
821,3,3,3,3,3,3,3,3,3
822,3,3,3,3,3,3,3,3,3
823,3,3,3,3,3,3,3,3,3
824,3,3,3,3,3,3,3,3,3
825,3,3,3,3,3,3,3,3,3
826,3,3,3,3,3,3,3,3,3
827,3,3,3,3,3,3,3,3,3
828,3,3,3,3,3,3,3,3,3
829,3,3,3,3,3,3,3,3,3
830,3,3,3,3,3,3,3,3,3
831,3,3,3,3,3,3,3,3,3
832,3,3,3,3,3,3,3,3,3
833,3,3,3,3,3,3,3,3,3
834,3,3,3,3,3,3,3,3,3
835,3,3,3,3,3,3,3,3,3
836,3,3,3,3,3,3,3,3,3
837,3,3,3,3,3,3,3,3,3
838,3,3,3,3,3,3,3,3,3
839,3,3,3,3,3,3,3,3,3
840,3,3,3,3,3,3,3,3,3
841,3,3,3,3,3,3,3,3,3
842,3,3,3,3,3,3,3,3,3
843,3,3,3,3,3,3,3,3,3
844,3,3,3,3,3,3,3,3,3
845,3,3,3,3,3,3,3,3,3
846,3,3,3,3,3,3,3,3,3
847,3,3,3,3,3,3,3,3,3
848,3,3,3,3,3,3,3,3,3
849,3,3,3,3,3,3,3,3,3
850,3,3,3,3,3,3,3,3,3
851,3,3,3,3,3,3,3,3,3
852,3,3,3,3,3,3,3,3,3
853,3,3,3,3,3,3,3,3,3
854,3,3,3,3,3,3,3,3,3
855,3,3,3,3,3,3,3,3,3
856,3,3,3,3,3,3,3,3,3
857,3,3,3,3,3,3,3,3,3
858,3,3,3,3,3,3,3,3,3
859,3,3,3,3,3,3,3,3,3
860,3,3,3,3,3,3,3,3,3
861,3,3,3,3,3,3,3,3,3
862,3,3,3,3,3,3,3,3,3
863,3,3,3,3,3,3,3,3,3
864,3,3,3,3,3,3,3,3,3
865,3,3,3,3,3,3,3,3,3
866,3,3,3,3,3,3,3,3,3
867,3,3,3,3,3,3,3,3,3
868,3,3,3,3,3,3,3,3,3
869,3,3,3,3,3,3,3,3,3
870,3,3,3,3,3,3,3,3,3
871,3,3,3,3,3,3,3,3,3
872,3,3,3,3,3,3,3,3,3
873,3,3,3,3,3,3,3,3,3
874,3,3,3,3,3,3,3,3,3
875,3,3,3,3,3,3,3,3,3
876,3,3,3,3,3,3,3,3,3
877,3,3,3,3,3,3,3,3,3
878,3,3,3,3,3,3,3,3,3
879,3,3,3,3,3,3,3,3,3
880,3,3,3,3,3,3,3,3,3
881,3,3,3,3,3,3,3,3,3
882,3,3,3,3,3,3,3,3,3
883,3,3,3,3,3,3,3,3,3
884,3,3,3,3,3,3,3,3,3
885,3,3,3,3,3,3,3,3,3
886,3,3,3,3,3,3,3,3,3
887,3,3,3,3,3,3,3,3,3
888,3,3,3,3,3,3,3,3,3
889,3,3,3,3,3,3,3,3,3
890,3,3,3,3,4,3,3,3,3
891,3,3,3,3,4,3,3,3,3
892,3,3,3,3,4,3,3,3,3
893,3,3,3,3,4,3,3,3,3
894,3,3,4,3,4,3,3,3,4
895,3,4,4,3,4,4,4,4,4
896,3,4,4,3,4,4,4,4,4
897,3,4,4,3,4,4,4,4,4
898,3,4,4,3,4,4,4,4,4
899,3,4,4,4,4,4,4,4,4
900,3,4,4,4,4,4,4,4,4
901,3,4,4,4,4,4,4,4,4
902,3,4,4,4,4,4,4,4,4
903,4,4,4,4,4,4,4,4,4
904,4,4,4,4,4,4,4,4,4
905,4,4,4,4,4,4,4,4,4
906,4,4,4,4,4,4,4,4,4
907,4,4,4,4,4,4,4,4,4
908,4,4,4,4,4,4,4,4,4
909,4,4,4,4,4,4,4,4,4
910,4,4,4,4,4,4,4,4,4
911,4,4,4,4,4,4,4,4,4
912,4,4,4,4,4,4,4,4,4
913,4,4,4,4,4,4,4,4,4
914,4,4,4,4,4,4,4,4,4
915,4,4,4,4,4,4,4,4,4
916,4,4,4,4,4,4,4,4,4
917,4,4,4,4,4,4,4,4,4
918,4,4,4,4,4,4,4,4,4
919,4,4,4,4,4,4,4,4,4
920,4,4,4,4,4,4,4,4,4
921,4,4,4,4,4,4,4,4,4
922,4,4,4,4,4,4,4,4,4
923,4,4,4,4,4,4,4,4,4
924,4,4,4,4,4,4,4,4,4
925,4,4,4,4,4,4,4,4,4
926,4,4,4,4,4,4,4,4,4
927,4,4,4,4,4,4,4,4,4
928,4,4,4,4,4,4,4,4,4
929,4,4,4,4,4,4,4,4,4
930,4,4,4,4,4,4,4,4,4
931,4,4,4,4,4,4,4,4,4
932,4,4,4,4,4,4,4,4,4
933,4,4,4,4,4,4,4,4,4
934,4,4,4,4,4,4,4,4,4
935,4,4,4,4,4,4,4,4,4
936,4,4,4,4,4,4,4,4,4
937,4,4,4,4,4,4,4,4,4
938,4,4,4,4,4,4,4,4,4
939,4,4,4,4,4,4,4,4,4
940,4,4,4,4,4,4,4,4,4
941,4,4,4,4,4,4,4,4,4
942,3,4,3,4,4,3,3,3,3
943,3,3,3,3,4,3,3,3,3
944,3,3,3,3,3,3,3,3,3
945,3,3,3,3,3,3,3,3,3
946,3,3,3,3,3,3,3,3,3
947,3,3,3,3,3,3,3,3,3
948,3,3,3,3,3,3,3,3,3
949,3,3,3,3,3,3,3,3,3
950,3,3,3,3,3,3,3,3,3
951,3,3,3,3,3,3,3,3,3
952,3,3,3,3,3,3,3,3,3
953,3,3,3,3,3,3,3,3,3
954,3,3,3,3,3,3,3,3,3
955,3,3,3,3,3,3,3,3,3
956,3,3,3,3,3,3,3,3,3
957,3,3,3,3,3,3,3,3,3
958,3,3,3,3,3,3,3,3,3
959,3,3,3,3,3,3,3,3,3
960,0,3,3,3,3,3,3,3,3
961,0,3,3,3,3,3,3,3,3
962,0,3,3,3,3,3,3,3,3
963,0,3,3,3,3,3,3,3,3
964,0,3,3,3,3,3,3,3,3
965,0,3,3,3,3,3,3,3,3
966,0,3,3,3,3,3,3,3,3
967,0,3,3,3,3,3,3,3,3
968,0,3,3,3,3,3,3,3,3
969,0,3,3,3,3,3,3,3,3
970,0,3,3,3,3,3,3,3,3
971,0,3,3,3,3,3,3,3,3
972,0,3,3,3,3,3,3,3,3
973,0,3,3,3,3,3,3,3,3
974,0,3,3,3,3,3,3,3,3
975,3,3,3,3,3,3,3,3,3
976,3,3,3,3,3,3,3,3,3
977,3,3,3,3,3,3,3,3,3
978,3,3,3,3,3,3,3,3,3
979,3,3,3,3,3,3,3,3,3
980,3,3,3,3,3,3,3,3,3
981,3,3,3,3,3,3,3,3,3
982,3,3,3,3,3,3,3,3,3
983,3,3,3,3,3,3,3,3,3
984,3,3,3,3,3,3,3,3,3
985,3,3,3,3,3,3,3,3,3
986,3,3,3,3,3,3,3,3,3
987,3,3,3,3,3,3,3,3,3
988,3,3,3,3,3,3,3,3,3
989,3,3,3,3,3,3,3,3,3
990,3,3,3,3,3,3,3,3,3
991,3,3,3,3,3,3,3,3,3
992,3,3,3,3,3,3,3,3,3
993,3,3,3,3,3,3,3,3,3
994,3,3,3,3,3,3,3,3,3
995,3,3,3,3,3,3,3,3,3
996,3,3,3,3,3,3,3,3,3
997,3,3,3,3,3,3,3,3,3
998,3,3,3,3,3,3,3,3,3
999,3,3,3,3,3,3,3,3,3
1000,3,3,3,3,3,3,3,3,3
1001,3,3,3,3,3,3,3,3,3
1002,3,3,3,3,3,3,3,3,3
1003,3,3,3,3,3,3,3,3,3
1004,3,3,3,3,3,3,3,3,3
1005,3,3,3,3,3,3,3,3,3
1006,3,3,3,3,3,3,3,3,3
1007,3,3,3,3,3,3,3,3,3
1008,3,3,3,3,3,3,3,3,3
1009,3,3,3,3,3,3,3,3,3
1010,3,3,3,3,3,3,3,3,3
1011,3,3,3,3,3,3,3,3,3
1012,3,3,3,3,3,3,3,3,3
1013,3,3,3,3,3,3,3,3,3
1014,3,3,3,3,3,3,3,3,3
1015,3,3,3,3,3,3,3,3,3
1016,3,3,3,3,3,3,3,3,3
1017,3,3,3,3,3,3,3,3,3
1018,3,3,3,3,3,3,3,3,3
1019,3,3,3,3,3,3,3,3,3
1020,4,3,3,3,3,3,3,3,3
1021,4,3,3,3,3,3,3,3,3
1022,4,3,3,3,4,3,3,3,3
1023,4,3,3,3,4,3,3,3,3
1024,4,4,3,3,4,4,3,3,3
1025,4,4,3,3,4,4,4,3,0
1026,4,4,0,3,4,4,4,3,0
1027,4,4,0,3,4,4,4,4,0
1028,4,4,0,4,4,4,4,4,0
1029,4,4,0,4,4,4,4,4,0
1030,4,4,0,4,4,4,4,4,0
1031,4,4,0,4,4,4,4,4,0
1032,4,4,0,4,4,4,4,4,0
1033,4,4,0,4,4,4,4,4,0
1034,4,4,0,4,4,4,4,4,0
1035,4,4,0,4,4,4,4,4,0
1036,4,4,0,4,4,4,4,4,0
1037,4,4,0,4,4,4,4,4,0
1038,4,4,0,4,4,0,4,4,0
1039,4,4,0,4,4,0,4,4,0
1040,4,4,0,4,4,0,4,0,0
1041,4,4,0,4,4,0,4,0,0
1042,4,4,0,4,4,0,4,0,0
1043,4,4,0,4,4,0,4,4,0
1044,4,4,0,4,4,0,4,4,0
1045,4,4,0,4,4,0,4,4,0
1046,4,4,0,4,4,4,4,4,0
1047,4,4,0,4,4,4,4,4,0
1048,4,4,0,4,4,4,4,4,0
1049,4,4,0,4,4,4,4,4,0
1050,4,4,0,4,4,4,4,4,0
1051,4,4,0,4,4,4,4,4,0
1052,4,4,0,4,4,4,4,4,0
1053,4,4,0,4,4,4,4,4,0
1054,4,4,0,4,4,4,4,4,0
1055,4,4,0,4,4,4,4,4,0
1056,4,4,0,4,4,4,4,4,0
1057,4,4,0,4,4,4,4,4,0
1058,4,4,0,4,4,4,4,4,0
1059,4,4,0,4,4,4,4,4,0
1060,4,4,0,4,4,4,4,4,0
1061,4,4,0,4,4,4,4,4,0
1062,4,4,0,4,4,4,4,4,0
1063,4,4,0,4,4,4,4,4,0
1064,4,4,3,4,4,4,4,4,0
1065,4,4,3,4,4,4,4,4,0
1066,4,4,3,4,4,4,4,4,0
1067,4,4,3,4,4,4,4,4,0
1068,4,4,3,4,4,3,3,3,3
1069,4,3,3,4,4,3,3,3,3
1070,4,3,3,4,3,3,3,3,3
1071,4,3,3,3,3,3,3,3,3
1072,4,3,3,3,3,3,3,3,3
1073,4,3,3,3,3,3,3,3,3
1074,3,3,3,3,3,3,3,3,3
1075,3,3,3,3,3,3,3,3,3
1076,3,3,3,3,3,3,3,3,3
1077,3,3,3,3,3,3,3,3,3
1078,3,3,3,3,3,3,3,3,3
1079,3,3,3,3,3,3,3,3,3
1080,3,3,3,3,3,3,3,3,3
1081,3,3,3,3,3,3,3,3,3
1082,3,3,3,3,3,3,3,3,3
1083,3,3,3,3,3,3,3,3,3
1084,3,3,3,3,3,3,3,3,3
1085,3,3,3,3,3,3,3,3,3
1086,3,3,3,3,3,3,3,3,3
1087,3,3,3,3,3,3,3,3,3
1088,3,3,3,3,3,3,3,3,3
1089,3,3,3,3,3,3,3,3,3
1090,3,3,3,3,3,3,3,3,3
1091,3,3,3,3,3,3,3,3,3
1092,3,3,3,3,3,3,3,3,3
1093,3,3,3,3,3,3,3,3,3
1094,3,3,3,3,3,3,3,3,3
1095,3,3,3,3,3,3,3,3,3
1096,3,3,3,3,3,3,3,3,3
1097,3,3,3,3,3,3,3,3,3
1098,3,3,3,3,3,3,3,3,3
1099,3,3,3,3,3,3,3,3,3
1100,3,3,3,3,3,3,3,3,3
1101,3,3,3,3,3,3,3,3,3
1102,3,3,3,3,3,3,3,3,3
1103,3,3,3,3,3,3,3,3,3
1104,3,3,3,3,3,3,3,3,3
1105,3,3,3,3,3,3,3,3,3
1106,3,3,3,3,3,3,3,3,3
1107,3,3,3,3,3,3,3,3,3
1108,3,3,3,3,3,3,3,3,3
1109,3,3,3,3,3,3,3,3,3
1110,3,3,3,3,3,3,3,3,3
1111,3,3,3,3,3,3,3,3,3
1112,3,3,3,3,3,3,3,3,3
1113,3,3,3,3,3,3,3,3,3
1114,3,3,3,3,3,3,3,3,3
1115,3,3,3,3,3,3,3,3,3
1116,3,3,3,3,3,3,3,3,3
1117,3,3,3,3,3,3,3,3,3
1118,3,3,3,3,3,3,3,3,3
1119,3,3,3,3,3,3,3,3,3
1120,3,3,3,3,3,3,3,3,3
1121,3,3,3,3,3,3,3,3,3
1122,3,3,3,3,3,3,3,3,3
1123,3,3,3,3,3,3,3,3,3
1124,3,3,3,3,3,3,3,3,3
1125,3,3,3,3,3,3,3,3,3
1126,3,3,3,3,3,3,3,3,3
1127,3,3,3,3,3,3,3,3,3
1128,3,3,3,3,3,3,3,3,3
1129,3,3,3,3,3,3,3,3,3
1130,3,3,3,3,3,3,3,3,3
1131,3,3,3,3,3,3,3,3,3
1132,3,3,3,3,3,3,3,3,3
1133,3,3,3,3,3,3,3,3,3
1134,4,3,3,3,3,3,3,3,3
1135,4,3,3,3,4,3,3,3,3
1136,4,3,3,3,4,3,3,3,3
1137,4,3,3,3,4,4,4,3,3
1138,4,4,4,3,4,4,4,4,4
1139,4,4,4,3,4,4,4,4,4
1140,4,4,4,3,4,4,4,4,4
1141,4,4,4,4,4,4,4,4,4
1142,4,4,4,4,4,4,4,4,4
1143,4,4,4,4,4,4,4,4,4
1144,4,4,4,4,4,4,4,4,4
1145,4,4,4,4,4,4,4,4,4
1146,4,4,4,4,4,4,4,4,4
1147,4,4,4,4,4,4,4,4,4
1148,4,4,4,4,4,4,4,4,4
1149,4,4,4,4,4,4,4,4,4
1150,4,4,4,4,4,4,4,4,4
1151,4,4,4,4,4,4,4,4,4
1152,4,4,4,4,4,4,4,4,4
1153,4,4,4,4,4,4,4,4,4
1154,4,4,4,4,4,4,4,4,4
1155,4,4,4,4,4,4,4,4,4
1156,4,4,4,4,4,4,4,4,4
1157,4,4,4,4,4,4,4,4,4
1158,4,4,4,4,4,4,4,4,4
1159,4,4,4,4,4,4,4,4,4
1160,4,4,4,4,4,4,4,4,4
1161,4,4,4,4,4,4,4,4,4
1162,4,4,4,4,4,4,4,4,4
1163,4,4,4,4,4,4,4,4,4
1164,4,4,4,4,4,4,4,4,4
1165,4,4,4,4,4,4,4,4,4
1166,4,4,4,4,4,4,4,4,4
1167,4,4,4,4,4,4,4,4,4
1168,4,4,4,4,4,4,4,4,4
1169,4,4,4,4,4,4,4,4,4
1170,4,4,4,4,4,4,4,4,4
1171,4,4,4,4,4,4,4,4,4
1172,4,4,4,4,4,4,4,4,4
1173,4,4,4,4,4,4,4,4,4
1174,4,4,4,4,4,4,4,4,4
1175,4,4,4,4,4,4,4,4,4
1176,4,4,4,4,4,4,4,4,4
1177,4,4,4,4,4,4,4,4,4
1178,4,4,4,4,4,4,4,4,4
1179,4,4,4,4,4,4,4,4,4
1180,4,4,4,4,4,4,4,4,4
1181,4,4,4,4,4,4,4,4,4
1182,4,4,4,4,4,4,4,4,4
1183,4,4,4,4,4,4,4,4,4
1184,4,4,4,4,4,4,4,4,4
1185,4,4,4,4,4,4,4,4,4
1186,4,4,4,4,4,4,4,4,4
1187,4,4,4,4,4,4,4,4,4
1188,4,4,4,4,4,4,4,4,4
1189,4,4,4,4,4,4,4,4,4
1190,4,4,4,4,4,4,4,4,4
1191,4,4,4,4,4,4,4,4,4
1192,4,4,4,4,4,4,4,4,4
1193,4,4,4,4,4,4,4,4,4
1194,4,4,4,4,4,4,4,4,4
1195,4,4,4,4,4,4,4,4,4
1196,4,4,4,4,4,4,4,4,4
1197,4,4,4,4,4,4,4,4,4
1198,4,4,4,4,4,4,4,4,4
1199,4,4,4,4,4,4,4,4,4
1200,0,4,4,4,4,4,4,4,4
1201,0,4,4,4,4,4,4,4,4
1202,0,4,4,4,4,4,4,4,4
1203,0,4,4,4,4,4,4,4,4
1204,0,4,4,0,4,4,4,4,4
1205,0,4,4,0,4,0,4,0,4
1206,0,0,4,0,4,0,4,0,4
1207,0,0,4,0,4,0,0,0,4
1208,0,0,0,0,4,0,0,0,4
1209,0,0,0,0,4,0,0,0,4
1210,0,0,0,0,4,0,0,0,4
1211,0,0,0,0,4,0,0,0,0
1212,0,0,0,0,4,0,0,0,0
1213,0,0,0,0,4,0,0,0,0
1214,0,0,0,0,4,0,0,0,0
1215,0,0,0,0,4,0,0,0,0
1216,0,0,0,0,4,0,0,0,0
1217,0,0,0,0,4,0,0,0,0
1218,0,0,0,0,4,0,0,0,0
1219,0,0,0,0,4,0,0,0,0
1220,0,0,0,0,4,0,0,0,0
1221,0,0,0,0,0,0,0,0,0
1222,0,0,0,0,0,0,0,0,0
1223,0,0,0,0,0,0,0,0,0
1224,0,0,0,0,0,0,0,0,0
1225,0,0,0,0,0,0,0,0,0
1226,0,0,0,0,0,0,0,0,0
1227,0,0,0,0,0,0,0,0,0
1228,0,0,0,0,0,0,0,0,0
1229,0,0,0,0,0,0,0,0,0
1230,0,0,0,0,0,0,0,0,0
1231,0,0,0,0,0,0,0,0,0
1232,0,0,0,0,0,0,0,0,0
1233,0,0,0,0,0,0,0,0,0
1234,0,0,0,0,0,0,0,0,0
1235,0,0,0,0,0,0,0,0,0
1236,0,0,0,0,0,0,0,0,0
1237,0,0,0,0,0,0,0,0,0
1238,0,0,0,0,0,0,0,0,0
1239,0,0,0,0,0,0,0,0,0
1240,0,0,0,0,0,0,0,0,0
1241,0,0,0,0,0,0,0,0,0
1242,0,0,0,0,0,0,0,0,0
1243,0,0,0,0,0,0,0,0,0
1244,0,0,0,0,0,0,0,0,0
1245,0,0,0,0,0,0,0,0,0
1246,0,0,0,0,0,0,0,0,0
1247,0,0,0,0,0,0,0,0,0
1248,0,0,0,0,0,0,0,0,0
1249,0,0,0,0,0,0,0,0,0
1250,0,0,0,0,0,0,0,0,0
1251,0,0,0,0,0,0,0,0,0
1252,0,0,0,0,0,0,0,0,0
1253,0,0,0,0,0,0,0,0,0
1254,0,0,0,0,0,0,0,0,0
1255,0,0,0,0,0,0,0,0,0
1256,0,0,0,0,0,0,0,0,0
1257,0,0,0,0,0,0,0,0,0
1258,0,0,0,0,0,0,0,0,0
1259,0,0,0,0,0,0,0,0,0
1260,0,0,0,0,0,0,0,0,0
1261,0,0,0,0,0,0,0,0,0
1262,0,0,0,0,0,0,0,0,0
1263,0,0,0,0,0,0,0,0,0
1264,0,0,0,0,0,0,0,0,0
1265,0,0,0,0,0,0,0,0,0
1266,0,0,0,0,0,0,0,0,0
1267,0,0,0,0,0,0,0,0,0
1268,0,0,0,0,0,0,0,0,0
1269,0,0,0,0,0,0,0,0,0
1270,0,0,0,0,0,0,0,0,0
1271,0,0,0,0,0,0,0,0,0
1272,0,0,0,0,0,0,0,0,0
1273,0,0,0,0,0,0,0,0,0
1274,0,0,0,0,0,0,0,0,0
1275,0,0,0,0,0,0,0,0,0
1276,0,0,0,0,0,0,0,0,0
1277,0,0,0,0,0,0,0,0,0
1278,0,0,0,0,0,0,0,0,0
1279,0,0,0,0,0,0,0,0,0
1280,0,0,0,0,0,0,0,0,0
1281,0,0,0,0,0,0,0,0,0
1282,0,0,0,0,0,0,0,0,0
1283,0,0,0,0,0,0,0,0,0
1284,0,0,0,0,0,0,0,0,0
1285,0,0,0,0,0,0,0,0,0
1286,0,0,0,0,0,0,0,0,0
1287,0,0,0,0,0,0,0,0,0
1288,0,0,0,0,0,0,0,0,0
1289,0,0,0,0,0,0,0,0,0
1290,0,0,0,0,0,0,0,0,0
1291,0,0,0,0,0,0,0,0,0
1292,0,0,0,0,5,0,0,0,0
1293,0,0,0,0,5,0,0,0,0
1294,0,0,0,0,5,0,0,0,0
1295,0,0,0,0,5,0,0,0,0
1296,0,0,0,0,5,0,0,0,0
1297,0,0,0,0,5,0,0,0,0
1298,0,0,0,0,5,0,0,0,0
1299,0,0,0,0,5,0,0,0,0
1300,0,0,0,0,5,0,0,0,0
1301,0,0,0,0,5,0,0,0,0
1302,0,0,0,0,5,0,0,0,0
1303,0,0,0,0,5,0,0,0,0
1304,0,0,0,0,5,0,0,0,0
1305,0,0,0,0,5,0,0,0,0
1306,0,2,0,0,5,5,0,0,0
1307,0,2,5,0,5,5,0,0,0
1308,0,2,5,0,5,5,5,0,0
1309,0,2,5,0,5,5,5,0,0
1310,0,2,5,0,5,5,5,0,0
1311,5,2,5,0,5,5,5,0,5
1312,5,2,5,0,5,5,5,0,5
1313,5,2,5,0,5,5,5,5,5
1314,5,2,5,0,5,5,5,5,5
1315,5,5,5,0,5,5,5,5,5
1316,5,5,5,0,5,5,5,5,5
1317,5,5,5,0,5,5,5,5,5
1318,5,5,5,0,5,5,5,5,5
1319,5,5,5,0,5,5,5,5,5
1320,5,5,5,0,5,5,5,5,5
1321,5,5,5,5,5,5,5,5,5
1322,5,5,5,5,5,5,5,5,5
1323,5,5,5,5,5,5,5,5,5
1324,5,5,5,5,5,5,5,5,5
1325,5,5,5,5,5,5,5,5,5
1326,5,5,5,5,5,5,5,5,5
1327,5,5,5,5,5,5,5,5,5
1328,5,5,5,5,5,5,5,5,5
1329,5,5,5,5,5,5,5,5,5
1330,5,5,5,5,5,5,5,5,5
1331,5,5,5,5,5,5,5,5,5
1332,5,5,5,5,5,5,5,5,5
1333,5,5,5,5,5,5,5,5,5
1334,5,5,5,5,5,5,5,5,5
1335,5,5,5,5,5,5,5,5,5
1336,5,5,5,5,5,5,5,5,5
1337,5,5,5,5,5,5,5,5,5
1338,5,5,5,5,5,5,5,5,5
1339,5,5,5,5,5,5,5,5,5
1340,5,5,5,5,5,5,5,5,5
1341,5,5,5,5,5,5,5,5,5
1342,5,5,5,5,5,5,5,5,5
1343,5,5,5,5,5,5,5,5,5
1344,5,5,5,5,5,5,5,5,5
1345,5,5,5,5,5,5,5,5,5
1346,5,5,5,5,5,5,5,5,5
1347,5,5,5,5,5,5,5,5,5
1348,5,5,5,5,5,5,5,5,5
1349,5,5,5,5,5,5,5,5,5
1350,5,5,5,5,5,5,5,5,5
1351,5,5,5,5,5,5,5,5,5
1352,5,5,5,5,5,5,5,5,5
1353,5,5,5,5,5,5,5,5,5
1354,5,5,5,5,5,5,5,5,5
1355,5,5,5,5,5,5,5,5,5
1356,5,5,5,5,5,5,5,5,5
1357,5,5,5,5,5,5,5,5,5
1358,5,5,5,5,5,5,5,5,5
1359,5,5,5,5,5,5,5,5,5
1360,5,5,5,5,5,5,5,5,5
1361,5,5,5,5,5,5,5,5,5
1362,5,5,5,5,5,5,5,5,5
1363,5,5,5,5,5,5,5,5,5
1364,5,5,5,5,5,5,5,5,5
1365,5,5,5,5,5,5,5,5,5
1366,5,5,5,5,5,5,5,5,5
1367,5,5,5,5,5,5,5,5,5
1368,5,5,5,5,5,5,5,5,5
1369,5,5,5,0,5,5,5,5,5
1370,5,5,5,0,5,5,5,5,5
1371,5,5,5,0,5,5,5,5,5
1372,5,2,5,0,5,5,5,5,5
1373,5,2,5,0,5,5,5,0,5
1374,0,2,5,0,5,5,5,0,5
1375,0,0,5,0,5,5,5,0,5
1376,0,2,5,0,5,5,5,0,0
1377,0,2,0,0,5,0,0,0,0
1378,0,0,0,0,5,0,0,0,0
1379,0,0,0,0,5,0,0,0,0
1380,0,0,0,0,5,0,0,0,0
1381,0,0,0,0,0,0,0,0,0
1382,0,0,0,0,0,0,0,0,0
1383,0,0,0,0,0,0,0,0,0
1384,0,0,0,0,0,0,0,0,0
1385,0,0,0,0,0,0,0,0,0
1386,0,0,0,0,0,0,0,0,0
1387,0,0,0,0,0,0,0,0,0
1388,0,0,0,0,0,0,0,0,0
1389,0,0,0,0,0,0,0,0,0
1390,0,0,0,0,0,0,0,0,0
1391,0,0,0,0,0,0,0,0,0
1392,0,0,0,0,0,0,0,0,0
1393,0,0,0,0,0,0,0,0,0
1394,0,0,0,0,0,0,0,0,0
1395,0,0,0,0,0,0,0,0,0
1396,0,0,0,0,0,0,0,0,0
1397,0,0,0,0,0,0,0,0,0
1398,0,0,0,0,0,0,0,0,0
1399,0,0,0,0,0,0,0,0,0
1400,0,0,0,0,0,0,0,0,0
1401,0,0,0,0,0,0,0,0,0
1402,0,0,0,0,0,0,0,0,0
1403,0,0,0,0,0,0,0,0,0
1404,0,0,0,0,0,0,0,0,0
1405,0,0,0,0,0,0,0,0,0
1406,0,0,0,0,0,0,0,0,0
1407,0,0,0,0,0,0,0,0,0
1408,0,0,0,0,0,0,0,0,0
1409,0,0,0,0,0,0,0,0,0
1410,0,0,0,0,0,0,0,0,0
1411,0,0,0,0,0,0,0,0,0
1412,0,0,0,0,0,0,0,0,0
1413,0,0,0,0,0,0,0,0,0
1414,0,0,0,0,0,0,0,0,0
1415,0,0,0,0,0,0,0,0,0
1416,0,0,0,0,0,0,0,0,0
1417,0,0,0,0,0,0,0,0,0
1418,0,0,0,0,0,0,0,0,0
1419,0,0,0,0,0,0,0,0,0
1420,0,0,0,0,0,0,0,0,0
1421,0,0,0,0,0,0,0,0,0
1422,0,0,0,0,0,0,0,0,0
1423,0,0,0,0,0,0,0,0,0
1424,0,0,0,0,0,0,0,0,0
1425,0,0,0,0,0,0,0,0,0
1426,0,0,0,0,0,0,0,0,0
1427,0,0,0,0,0,0,0,0,0
1428,0,0,0,0,0,0,0,0,0
1429,0,0,0,0,0,0,0,0,0
1430,0,0,0,0,0,0,0,0,0
1431,0,0,0,0,0,0,0,0,0
1432,0,0,0,0,0,0,0,0,0
1433,0,0,0,0,0,0,0,0,0
1434,0,0,0,0,0,0,0,0,0
1435,0,0,0,0,0,0,0,0,0
1436,0,0,0,0,0,0,0,0,0
1437,0,0,0,0,0,0,0,0,0
1438,0,0,0,0,0,0,0,0,0
1439,0,0,0,0,0,0,0,0,0
1440,0,0,0,0,0,0,0,0,0
1441,0,0,0,0,0,0,0,0,0
1442,0,0,0,0,0,0,0,0,0
1443,0,0,0,0,0,0,0,0,0
1444,0,0,0,0,0,0,0,0,0
1445,0,0,0,0,0,0,0,0,0
1446,0,0,0,0,0,0,0,0,0
1447,0,0,0,0,0,0,0,0,0
1448,0,0,0,0,0,0,0,0,0
1449,0,0,0,0,0,0,0,0,0
1450,0,0,0,0,0,0,0,0,0
1451,0,0,0,0,0,0,0,0,0
1452,0,0,0,0,0,0,0,0,0
1453,0,0,0,0,0,0,0,0,0
1454,0,0,0,0,0,0,0,0,0
1455,0,0,0,0,0,0,0,0,0
1456,0,0,0,0,0,0,0,0,0
1457,0,0,0,0,0,0,0,0,0
1458,0,0,0,0,0,0,0,0,0
1459,0,0,0,0,0,0,0,0,0
1460,0,0,0,0,0,0,0,0,0
1461,0,0,0,0,0,0,0,0,0
1462,0,0,0,0,0,0,0,0,0
1463,0,0,0,0,0,0,0,0,0
1464,0,0,0,0,0,0,0,0,0
1465,0,0,0,0,0,0,0,0,0
1466,0,0,0,0,0,0,0,0,0
1467,0,0,0,0,0,0,0,0,0
1468,0,0,0,0,0,0,0,0,0
1469,0,0,0,0,0,0,0,0,0
1470,0,0,0,0,0,0,0,0,0
1471,0,0,0,0,0,0,0,0,0
1472,0,0,0,0,0,0,0,0,0
1473,0,0,0,0,0,0,0,0,0
1474,0,0,0,0,0,0,0,0,0
1475,0,0,0,0,0,0,0,0,0
1476,0,0,0,0,0,0,0,0,0
1477,0,0,0,0,0,0,0,0,0
1478,0,0,0,0,0,0,0,0,0
1479,0,0,0,0,0,0,0,0,0
1480,0,0,0,0,0,0,0,0,0
1481,0,0,0,0,0,0,0,0,0
1482,0,0,0,0,0,0,0,0,0
1483,0,0,0,0,0,0,0,0,0
1484,0,0,0,0,0,0,0,0,0
1485,0,0,0,0,0,0,0,0,0
1486,0,0,0,0,0,0,0,0,0
1487,0,0,0,0,0,0,0,0,0
1488,0,0,0,0,0,0,0,0,0
1489,0,0,0,0,0,0,0,0,0
1490,0,0,0,0,0,0,0,0,0
1491,0,0,0,0,0,0,0,0,0
1492,0,0,0,0,0,0,0,0,0
1493,0,0,0,0,0,0,0,0,0
1494,0,0,0,0,0,0,0,0,0
1495,0,0,0,0,0,0,0,0,0
1496,0,0,0,0,0,0,0,0,0
1497,0,0,0,0,0,0,0,0,0
1498,0,0,0,0,0,0,0,0,0
1499,0,0,0,0,0,0,0,0,0
1500,0,0,0,0,0,0,0,0,0
1501,0,0,0,0,0,0,0,0,0
1502,0,0,0,0,0,0,0,0,0
1503,0,0,0,0,0,0,0,0,0
1504,0,0,0,0,0,0,0,0,0
1505,0,0,0,0,0,0,0,0,0
1506,0,0,0,0,0,0,0,0,0
1507,0,0,0,0,0,0,0,0,0
1508,0,0,0,0,0,0,0,0,0
1509,0,0,0,0,0,0,0,0,0
1510,0,0,0,0,0,0,0,0,0
1511,0,0,0,0,0,0,0,0,0
1512,0,0,0,0,0,0,0,0,0
1513,0,0,0,0,0,0,0,0,0
1514,0,0,0,0,0,0,0,0,0
1515,0,0,0,0,0,0,0,0,0
1516,0,0,0,0,0,0,0,0,0
1517,0,0,0,0,0,0,0,0,0
1518,0,0,0,0,0,0,0,0,0
1519,0,0,0,0,0,0,0,0,0
1520,0,0,0,0,0,0,0,0,0
1521,0,0,0,0,0,0,0,0,0
1522,0,0,0,0,0,0,0,0,0
1523,0,0,0,0,0,0,0,0,0
1524,0,0,0,0,0,0,0,0,0
1525,0,0,0,0,0,0,0,0,0
1526,0,0,0,0,0,0,0,0,0
1527,0,0,0,0,0,0,0,0,0
1528,0,0,0,0,0,0,0,0,0
1529,0,0,0,0,0,0,0,0,0
1530,0,0,0,0,0,0,0,0,0
1531,0,0,0,0,0,0,0,0,0
1532,0,0,0,0,0,0,0,0,0
1533,0,0,0,0,0,0,0,0,0
1534,0,0,0,0,0,0,0,0,0
1535,0,0,0,0,0,0,0,0,0
1536,0,0,0,0,0,0,0,0,0
1537,0,0,0,0,0,0,0,0,0
1538,0,0,0,0,0,0,0,0,0
1539,0,0,0,0,0,0,0,0,0
1540,0,0,0,0,0,0,0,0,0
1541,0,0,0,0,0,0,0,0,0
1542,0,0,0,0,0,0,0,0,0
1543,0,0,0,0,0,0,0,0,0
1544,0,0,0,0,0,0,0,0,0
1545,0,0,0,0,0,0,0,0,0
1546,0,0,0,0,0,0,0,0,0
1547,0,0,0,0,0,0,0,0,0
1548,0,0,0,0,0,0,0,0,0
1549,0,0,0,0,0,0,0,0,0
1550,0,0,0,0,0,0,0,0,0
1551,0,0,0,0,0,0,0,0,0
1552,0,0,0,0,0,0,0,0,0
1553,0,0,0,0,0,0,0,0,0
1554,0,0,0,0,0,0,0,0,0
1555,0,0,0,0,0,0,0,0,0
1556,0,0,0,0,0,0,0,0,0
1557,0,0,0,0,0,0,0,0,0
1558,0,0,0,0,0,0,0,0,0
1559,0,0,0,0,0,0,0,0,0
1560,0,0,0,0,0,0,0,0,0
1561,0,0,0,0,0,0,0,0,0
1562,0,0,0,0,0,0,0,0,0
1563,0,0,0,0,0,0,0,0,0
1564,0,0,0,0,0,0,0,0,0
1565,0,0,0,0,0,0,0,0,0
1566,0,0,0,0,0,0,0,0,0
1567,0,0,0,0,0,0,0,0,0
1568,0,0,0,0,0,0,0,0,0
1569,0,0,0,0,0,0,0,0,0
1570,0,0,0,0,0,0,0,0,0
1571,0,0,0,0,0,0,0,0,0
1572,0,0,0,0,0,0,0,0,0
1573,0,0,0,0,0,0,0,0,0
1574,0,0,0,0,0,0,0,0,0
1575,0,0,0,0,0,0,0,0,0
1576,0,0,0,0,0,0,0,0,0
1577,0,0,0,0,0,0,0,0,0
1578,0,0,0,0,0,0,0,0,0
1579,0,0,0,0,0,0,0,0,0
1580,0,0,0,0,0,0,0,0,0
1581,0,0,0,0,0,0,0,0,0
1582,0,0,0,0,0,0,0,0,0
1583,0,0,0,0,0,0,0,0,0
1584,0,0,0,0,0,0,0,0,0
1585,0,0,0,0,0,0,0,0,0
1586,0,0,0,0,0,0,0,0,0
1587,0,0,0,0,0,0,0,0,0
1588,0,0,0,0,0,0,0,0,0
1589,0,0,0,0,0,0,0,0,0
1590,0,0,0,0,0,0,0,0,0
1591,0,0,0,0,0,0,0,0,0
1592,0,0,0,0,0,0,0,0,0
1593,0,0,0,0,0,0,0,0,0
1594,0,0,0,0,0,0,0,0,0
1595,0,0,0,0,0,0,0,0,0
1596,0,0,0,0,0,0,0,0,0
1597,0,0,0,0,0,0,0,0,0
1598,0,0,0,0,0,0,0,0,0
1599,0,0,0,0,0,0,0,0,0
1600,0,0,0,0,0,0,0,0,0
1601,0,0,0,0,0,0,0,0,0
1602,0,0,0,0,0,0,0,0,0
1603,0,0,0,0,0,0,0,0,0
1604,0,0,0,0,0,0,0,0,0
1605,0,0,0,0,0,0,0,0,0
1606,0,0,0,0,0,0,0,0,0
1607,0,0,0,0,0,0,0,0,0
1608,0,0,0,0,0,0,0,0,0
1609,0,0,0,0,0,0,0,0,0
1610,0,0,0,0,0,0,0,0,0
1611,0,0,0,0,0,0,0,0,0
1612,0,0,0,0,0,0,0,0,0
1613,0,0,0,0,0,0,0,0,0
1614,0,0,0,0,0,0,0,0,0
1615,0,0,0,0,0,0,0,0,0
1616,0,0,0,0,0,0,0,0,0
1617,0,0,0,0,0,0,0,0,0
1618,0,0,0,0,0,0,0,0,0
1619,0,0,0,0,0,0,0,0,0
1620,0,0,0,0,0,0,0,0,0
1621,0,0,0,0,0,0,0,0,0
1622,0,0,0,0,0,0,0,0,0
1623,0,0,0,0,0,0,0,0,0
1624,0,0,0,0,0,0,0,0,0
1625,0,0,0,0,0,0,0,0,0
1626,0,0,0,0,0,0,0,0,0
1627,0,0,0,0,0,0,0,0,0
1628,0,0,0,0,0,0,0,0,0
1629,0,0,0,0,0,0,0,0,0
1630,0,0,0,0,0,0,0,0,0
1631,0,0,0,0,0,0,0,0,0
1632,0,0,0,0,0,0,0,0,0
1633,0,0,0,0,0,0,0,0,0
1634,0,0,0,0,0,0,0,0,0
1635,0,0,0,0,0,0,0,0,0
1636,0,0,0,0,0,0,0,0,0
1637,0,0,0,0,0,0,0,0,0
1638,0,0,0,0,0,0,0,0,0
1639,0,0,0,0,0,0,0,0,0
1640,0,0,0,0,0,0,0,0,0
1641,0,0,0,0,0,0,0,0,0
1642,0,0,0,0,0,0,0,0,0
1643,0,0,0,0,0,0,0,0,0
1644,0,0,0,0,0,0,0,0,0
1645,0,0,0,0,0,0,0,0,0
1646,0,0,0,0,0,0,0,0,0
1647,0,0,0,0,0,0,0,0,0
1648,0,0,0,0,0,0,0,0,0
1649,0,0,0,0,0,0,0,0,0
1650,0,0,0,0,0,0,0,0,0
1651,0,0,0,0,0,0,0,0,0
1652,0,0,0,0,0,0,0,0,0
1653,0,0,0,0,0,0,0,0,0
1654,0,0,0,0,0,0,0,0,0
1655,0,0,0,0,0,0,0,0,0
1656,0,0,0,0,0,0,0,0,0
1657,0,0,0,0,0,0,0,0,0
1658,0,0,0,0,0,0,0,0,0
1659,0,0,0,0,0,0,0,0,0
1660,0,0,0,0,0,0,0,0,0
1661,0,0,0,0,0,0,0,0,0
1662,0,0,0,0,0,0,0,0,0
1663,0,0,0,0,0,0,0,0,0
1664,0,0,0,0,0,0,0,0,0
1665,0,0,0,0,0,0,0,0,0
1666,0,0,0,0,0,0,0,0,0
1667,0,0,0,0,0,0,0,0,0
1668,0,0,0,0,0,0,0,0,0
1669,0,0,0,0,0,0,0,0,0
1670,0,0,0,0,0,0,0,0,0
1671,0,0,0,0,0,0,0,0,0
1672,0,0,0,0,0,0,0,0,0
1673,0,0,0,0,0,0,0,0,0
1674,0,0,0,0,0,0,0,0,0
1675,0,0,0,0,0,0,0,0,0
1676,0,0,0,0,0,0,0,0,0
1677,0,0,0,0,0,0,0,0,0
1678,0,0,0,0,0,0,0,0,0
1679,0,0,0,0,0,0,0,0,0
1680,0,0,0,0,0,0,0,0,0
1681,0,0,0,0,0,0,0,0,0
1682,0,0,0,0,0,0,0,0,0
1683,0,0,0,0,0,0,0,0,0
1684,0,0,0,0,0,0,0,0,0
1685,0,0,0,0,0,0,0,0,0
1686,0,0,0,0,0,0,0,0,0
1687,0,0,0,0,0,0,0,0,0
1688,0,0,0,0,0,0,0,0,0
1689,0,0,0,0,0,0,0,0,0
1690,0,0,0,1,0,0,0,0,0
1691,0,0,0,1,0,0,0,0,0
1692,0,0,0,1,0,0,0,0,0
1693,0,0,0,1,0,0,0,0,0
1694,0,1,0,1,1,0,0,0,0
1695,0,1,0,1,1,0,0,0,0
1696,0,1,1,1,1,0,0,1,0
1697,0,1,1,1,1,0,0,1,0
1698,1,1,1,1,1,0,1,1,0
1699,1,1,1,1,1,0,1,1,1
1700,1,1,1,1,1,0,1,1,1
1701,1,1,1,1,1,0,1,1,1
1702,1,1,1,1,1,0,1,1,1
1703,1,1,1,1,1,1,1,1,1
1704,1,1,1,1,1,1,1,1,1
1705,1,1,1,1,1,1,1,1,1
1706,1,1,1,1,1,1,1,1,1
1707,1,1,1,1,1,1,1,1,1
1708,1,1,1,1,1,1,1,1,1
1709,1,1,1,1,1,1,1,1,1
1710,1,1,1,1,1,1,1,1,1
1711,1,1,1,1,1,1,1,1,1
1712,1,1,1,1,1,1,1,1,1
1713,1,1,1,1,1,1,1,1,1
1714,1,1,1,1,1,1,1,1,1
1715,1,1,1,1,1,1,1,1,1
1716,1,1,1,1,1,1,1,1,1
1717,1,1,1,1,1,1,1,1,1
1718,1,1,1,1,1,1,1,1,1
1719,1,1,1,1,1,1,1,1,1
1720,1,1,1,1,1,1,1,1,1
1721,1,1,1,1,1,1,1,1,1
1722,1,1,1,1,1,1,1,1,1
1723,1,1,1,1,1,1,1,1,1
1724,1,1,1,1,1,1,1,1,1
1725,1,1,1,1,1,1,1,1,1
1726,1,1,1,1,1,1,1,1,1
1727,1,1,1,1,1,1,1,1,1
1728,1,1,1,1,1,1,1,1,1
1729,1,1,1,1,1,1,1,1,1
1730,1,1,1,1,1,1,1,1,1
1731,1,1,1,1,1,1,1,1,1
1732,1,1,1,1,1,1,1,1,1
1733,1,1,1,1,1,1,1,1,1
1734,1,1,1,1,1,1,1,1,1
1735,1,1,1,1,1,1,1,1,1
1736,1,1,1,1,1,1,1,1,1
1737,1,1,1,1,1,1,1,1,1
1738,1,1,1,1,1,1,1,1,1
1739,1,1,1,1,1,1,1,1,1
1740,1,1,1,1,1,1,1,1,1
1741,1,1,1,1,1,1,1,1,1
1742,1,1,1,1,1,1,1,1,1
1743,1,1,1,1,1,1,1,1,1
1744,1,1,1,1,1,1,1,1,1
1745,1,1,1,1,1,1,1,1,1
1746,1,1,1,1,1,1,1,1,1
1747,1,1,1,1,1,1,1,1,1
1748,1,1,1,1,1,1,1,1,1
1749,1,1,1,1,1,1,1,1,1
1750,1,1,1,1,1,1,1,1,1
1751,1,1,1,1,1,1,1,1,1
1752,1,1,1,1,1,1,1,1,1
1753,1,1,1,1,1,1,1,1,1
1754,1,1,1,1,1,1,1,1,1
1755,1,1,1,1,1,1,1,1,1
1756,1,1,1,1,1,1,1,1,1
1757,1,1,1,1,1,1,1,1,1
1758,1,1,1,1,1,1,1,1,1
1759,1,1,1,1,1,1,1,1,1
1760,1,1,1,1,1,1,1,1,1
1761,1,1,1,1,1,1,1,1,1
1762,1,1,1,1,1,1,1,1,1
1763,1,1,1,1,1,1,1,1,1
1764,1,1,1,1,1,1,1,1,1
1765,1,1,1,1,1,1,1,1,1
1766,1,1,1,1,1,1,1,1,1
1767,1,1,1,1,1,1,1,1,1
1768,1,1,1,1,1,1,1,1,1
1769,1,1,1,1,1,1,1,1,1
1770,1,1,1,1,1,1,1,1,1
1771,1,1,1,1,1,1,1,1,1
1772,1,1,1,1,1,1,1,1,1
1773,1,1,1,1,1,1,1,1,1
1774,1,1,1,1,1,1,1,1,1
1775,1,1,1,1,1,1,1,1,1
1776,1,1,1,1,1,1,1,1,1
1777,1,1,1,1,1,1,1,1,1
1778,1,1,1,1,1,1,1,1,1
1779,1,1,1,1,1,1,1,1,1
1780,1,1,1,1,1,1,1,1,1
1781,1,1,1,1,1,1,1,1,1
1782,1,1,1,1,1,1,1,1,1
1783,1,1,1,1,1,1,1,1,1
1784,1,1,1,1,1,1,1,1,1
1785,1,1,1,1,1,1,1,1,1
1786,1,1,1,1,1,1,1,1,1
1787,1,1,1,1,1,1,1,1,1
1788,1,1,1,1,1,1,1,1,1
1789,1,1,1,1,1,1,1,1,1
1790,1,1,1,1,1,1,1,1,1
1791,1,1,1,1,1,1,1,1,1
1792,1,1,1,1,1,1,1,1,1
1793,1,1,1,1,1,1,1,1,1
1794,1,1,1,1,1,1,1,1,1
1795,1,1,1,1,1,1,1,1,1
1796,1,1,1,1,1,1,1,1,1
1797,1,1,1,1,1,1,1,1,1
1798,1,1,1,1,1,1,1,1,1
1799,1,1,1,1,1,1,1,1,1
1800,1,1,1,1,1,1,1,1,1
1801,1,1,1,1,1,1,1,1,1
1802,1,1,1,1,1,1,1,1,1
1803,1,1,1,1,1,1,1,1,1
1804,1,1,1,1,1,1,1,1,1
1805,1,1,1,1,1,1,1,1,1
1806,1,1,1,1,1,1,1,1,1
1807,1,1,1,1,1,1,1,1,1
1808,1,1,1,1,1,1,1,1,1
1809,1,1,1,1,1,1,1,1,1
1810,1,1,1,1,1,1,1,1,1
1811,1,1,1,1,1,1,1,1,1
1812,1,1,1,1,1,1,1,1,1
1813,1,1,1,1,1,1,1,1,1
1814,1,1,1,1,1,1,1,1,1
1815,1,1,1,1,1,1,1,1,1
1816,1,1,1,1,1,1,1,1,1
1817,1,1,1,1,1,1,1,1,1
1818,1,1,1,1,1,1,1,1,1
1819,1,1,1,1,1,1,1,1,1
1820,1,1,1,1,1,1,1,1,1
1821,1,1,1,1,1,1,1,1,1
1822,1,1,1,1,1,1,1,1,1
1823,1,1,1,1,1,1,1,1,1
1824,1,1,1,1,1,1,1,1,1
1825,1,1,1,1,1,1,1,1,1
1826,1,1,1,1,1,1,1,1,1
1827,1,1,1,1,1,1,1,1,1
1828,1,1,1,1,1,1,1,1,1
1829,1,1,1,1,1,1,1,1,1
1830,1,1,1,1,1,1,1,1,1
1831,1,1,1,1,1,1,1,1,1
1832,1,1,1,1,1,1,1,1,1
1833,1,1,1,1,1,1,1,1,1
1834,1,1,1,1,1,1,1,1,1
1835,1,1,1,1,1,1,1,1,1
1836,1,1,1,1,1,1,1,1,1
1837,1,1,1,1,1,1,1,1,1
1838,1,1,1,1,1,1,1,1,1
1839,1,1,1,1,1,1,1,1,1
1840,1,1,1,1,1,1,1,1,1
1841,1,1,1,1,1,1,1,1,1
1842,1,1,1,1,1,1,1,1,1
1843,1,1,1,1,1,1,1,1,1
1844,1,1,1,1,1,1,1,1,1
1845,1,1,1,1,1,1,1,1,1
1846,1,1,1,1,1,1,1,1,1
1847,1,1,1,1,1,1,1,1,1
1848,1,1,1,1,1,1,1,1,1
1849,1,1,1,1,1,1,1,1,1
1850,1,1,1,1,1,1,1,1,1
1851,1,1,1,1,1,1,1,1,1
1852,1,1,1,1,1,1,1,1,1
1853,1,1,1,1,1,1,1,1,1
1854,1,1,1,1,1,1,1,1,1
1855,1,1,1,1,1,1,1,1,1
1856,1,1,1,1,1,1,1,1,1
1857,1,1,1,1,1,1,1,1,1
1858,1,1,1,1,1,1,1,1,1
1859,1,1,1,1,1,1,1,1,1
1860,1,1,1,1,1,1,1,1,1
1861,1,1,1,1,1,1,1,1,1
1862,1,1,1,1,1,1,1,1,1
1863,1,1,1,1,1,1,1,1,1
1864,1,1,1,1,1,1,1,1,1
1865,1,1,1,1,1,1,1,1,1
1866,1,1,1,1,1,1,1,1,1
1867,1,1,1,1,1,1,1,1,1
1868,1,1,1,1,1,1,1,1,1
1869,1,1,1,1,1,1,1,1,1
1870,1,1,1,1,1,1,1,1,1
1871,1,1,1,1,1,1,1,1,1
1872,1,1,1,1,1,1,1,1,1
1873,1,1,1,1,1,1,1,1,1
1874,1,1,1,1,1,1,1,1,1
1875,1,1,1,1,1,1,1,1,1
1876,1,1,1,1,1,1,1,1,1
1877,1,1,1,1,1,1,1,1,1
1878,1,1,1,1,1,1,1,1,1
1879,1,1,1,1,1,1,1,1,1
1880,1,1,1,1,1,1,1,1,1
1881,1,1,1,1,1,1,1,1,1
1882,1,1,1,1,1,1,1,1,1
1883,1,1,1,1,1,1,1,1,1
1884,1,1,1,1,1,1,1,1,1
1885,1,1,1,1,1,1,1,1,1
1886,1,1,1,1,1,1,1,1,1
1887,1,1,1,1,1,1,1,1,1
1888,1,1,1,1,1,1,1,1,1
1889,1,1,1,1,1,1,1,1,1
1890,1,1,1,1,1,1,1,1,1
1891,1,1,1,1,1,1,1,1,1
1892,1,1,1,1,1,1,1,1,1
1893,1,1,1,1,1,1,1,1,1
1894,1,1,1,1,1,1,1,1,1
1895,1,1,1,1,1,1,1,1,1
1896,1,1,1,1,1,1,1,1,1
1897,1,1,1,1,1,1,1,1,1
1898,1,1,1,1,1,1,1,1,1
1899,1,1,1,1,1,1,1,1,1
1900,1,1,1,1,1,1,1,1,1
1901,1,1,1,1,1,1,1,1,1
1902,1,1,1,1,1,1,1,1,1
1903,1,1,1,1,1,1,1,1,1
1904,1,1,1,2,1,1,1,1,1
1905,1,1,2,2,1,1,1,1,1
1906,1,1,2,2,1,1,1,1,1
1907,1,2,2,2,1,1,1,1,1
1908,1,2,2,2,2,2,2,1,1
1909,1,2,2,2,2,2,2,2,1
1910,1,2,2,2,2,2,2,2,2
1911,2,2,2,2,2,2,2,2,2
1912,2,2,2,2,2,2,2,2,2
1913,2,2,2,2,2,2,2,2,2
1914,2,2,2,2,2,2,2,2,2
1915,2,2,2,2,2,2,2,2,2
1916,2,2,2,2,2,2,2,2,2
1917,2,2,2,2,2,2,2,2,2
1918,2,2,2,2,2,2,2,2,2
1919,2,2,2,2,2,2,2,2,2
1920,2,2,2,2,2,2,2,2,2
1921,2,2,2,2,2,2,2,2,2
1922,2,2,2,2,2,2,2,2,2
1923,2,2,2,2,2,2,2,2,2
1924,2,2,2,2,2,2,2,2,2
1925,2,2,2,2,2,2,2,2,2
1926,2,2,2,2,2,2,2,2,2
1927,2,2,2,2,2,2,2,2,2
1928,2,2,2,2,2,2,2,2,2
1929,2,2,2,2,2,2,2,2,2
1930,2,2,2,2,2,2,2,2,2
1931,2,2,2,2,2,2,2,2,2
1932,2,2,2,2,2,2,2,2,2
1933,2,2,2,2,2,2,2,2,2
1934,2,2,2,2,2,2,2,2,2
1935,2,2,2,2,2,2,2,2,2
1936,2,2,2,2,2,2,2,2,2
1937,2,2,2,2,2,2,2,2,2
1938,2,2,2,2,2,2,2,2,2
1939,2,2,2,2,2,2,2,2,2
1940,2,2,2,2,2,2,2,2,2
1941,2,2,2,2,2,2,2,2,2
1942,2,2,2,2,2,2,2,2,2
1943,2,2,2,2,2,2,2,2,2
1944,2,2,2,2,2,2,2,2,2
1945,2,2,2,2,2,2,2,2,2
1946,2,2,2,2,2,2,2,2,2
1947,2,2,2,2,2,2,2,2,2
1948,2,2,2,2,2,2,2,2,2
1949,2,2,2,2,2,2,2,2,2
1950,2,2,2,2,2,2,2,2,2
1951,2,2,2,2,2,2,2,2,2
1952,2,2,2,2,2,2,2,2,2
1953,2,2,2,2,2,2,2,2,2
1954,2,2,2,2,2,2,2,2,2
1955,2,2,2,2,2,2,2,2,2
1956,2,2,2,2,2,2,2,2,2
1957,2,2,2,2,2,2,2,2,2
1958,2,2,2,2,2,2,2,2,2
1959,2,2,2,2,2,2,2,2,2
1960,2,2,2,2,2,2,2,2,2
1961,2,2,2,2,2,2,2,2,2
1962,2,2,2,2,2,2,2,2,2
1963,2,2,2,2,2,2,2,2,2
1964,2,2,2,2,2,2,2,2,2
1965,2,2,2,2,2,2,2,2,2
1966,2,2,2,2,2,2,2,2,2
1967,2,2,2,2,2,2,2,2,2
1968,2,2,2,2,2,2,2,2,2
1969,2,2,2,2,2,2,2,2,2
1970,2,2,2,2,2,2,2,2,2
1971,2,2,2,2,2,2,2,2,2
1972,2,2,2,2,2,2,2,2,2
1973,2,2,2,2,2,2,2,2,2
1974,2,2,2,2,2,2,2,2,2
1975,2,2,2,2,2,2,2,2,2
1976,2,2,2,2,2,2,2,2,2
1977,2,2,2,2,2,2,2,2,2
1978,2,2,2,2,2,2,2,2,2
1979,2,2,2,2,2,2,2,2,2
1980,2,2,2,2,2,2,2,2,2
1981,2,2,2,2,2,2,2,2,2
1982,2,2,2,2,2,2,2,2,2
1983,2,2,2,2,2,2,2,2,2
1984,2,2,2,2,2,2,2,2,2
1985,2,2,2,2,2,2,2,2,2
1986,2,2,2,2,2,2,2,2,2
1987,2,2,2,2,2,2,2,2,2
1988,2,2,2,2,2,2,2,2,2
1989,2,2,2,2,2,2,2,2,2
1990,2,2,2,2,2,2,2,2,2
1991,2,2,2,2,2,2,2,2,2
1992,2,2,2,2,2,2,2,2,2
1993,2,2,2,2,2,2,2,2,2
1994,2,2,2,2,2,2,2,2,2
1995,2,2,2,2,2,2,2,2,2
1996,2,2,2,2,2,2,2,2,2
1997,2,2,2,2,2,2,2,2,2
1998,2,2,2,2,2,2,2,2,2
1999,2,2,2,2,2,2,2,2,2
2000,2,2,2,2,2,2,2,2,2
2001,2,2,2,2,2,2,2,2,2
2002,2,2,2,2,2,2,2,2,2
2003,2,2,2,2,2,2,2,2,2
2004,2,2,2,2,2,2,2,2,2
2005,2,2,2,2,2,2,2,2,2
2006,2,2,2,2,2,2,2,2,2
2007,2,2,2,2,2,2,2,2,2
2008,2,2,2,2,2,2,2,2,2
2009,2,2,2,2,2,3,2,2,2
2010,3,2,2,2,2,3,2,3,2
2011,3,3,2,2,3,3,3,3,3
2012,3,3,2,2,3,3,3,3,3
2013,3,3,2,2,3,3,3,3,3
2014,3,3,2,3,3,3,3,3,3
2015,3,3,2,3,3,3,3,3,3
2016,3,3,2,3,3,3,3,3,3
2017,3,3,2,3,3,3,3,3,3
2018,3,3,2,3,3,3,3,3,3
2019,3,3,2,3,3,3,3,3,3
2020,3,3,2,3,3,3,3,3,3
2021,3,3,3,3,3,3,3,3,3
2022,3,3,3,3,3,3,3,3,3
2023,3,3,3,3,3,3,3,3,3
2024,3,3,3,3,3,3,3,3,3
2025,3,3,3,3,3,3,3,3,3
2026,3,3,3,3,3,3,3,3,3
2027,3,3,3,3,3,3,3,3,3
2028,3,3,3,3,3,3,3,3,3
2029,3,3,3,3,3,3,3,3,3
2030,3,3,3,3,3,3,3,3,3
2031,3,3,3,3,3,3,3,3,3
2032,3,3,3,3,3,3,3,3,3
2033,3,3,3,3,3,3,3,3,3
2034,3,3,3,3,3,3,3,3,3
2035,3,3,3,3,3,3,3,3,3
2036,3,3,3,3,3,3,3,3,3
2037,3,3,3,3,3,3,3,3,3
2038,3,3,3,3,3,3,3,3,3
2039,3,3,3,3,3,3,3,3,3
2040,3,3,3,3,3,3,3,3,3
2041,3,3,3,3,3,3,3,3,3
2042,3,3,3,3,3,3,3,3,3
2043,3,3,3,3,3,3,3,3,3
2044,3,3,3,3,3,3,3,3,3
2045,3,3,3,3,3,3,3,3,3
2046,3,3,3,3,3,3,3,3,3
2047,3,3,3,3,3,3,3,3,3
2048,3,3,3,3,3,3,3,3,3
2049,3,3,3,3,3,3,3,3,3
2050,3,3,3,3,3,3,3,3,3
2051,3,3,3,3,3,3,3,3,3
2052,3,3,3,3,3,3,3,3,3
2053,3,3,3,3,3,3,3,3,3
2054,3,3,3,3,3,3,3,3,3
2055,3,3,3,3,3,3,3,3,3
2056,3,3,3,3,3,3,3,3,3
2057,3,3,3,3,3,3,3,3,3
2058,3,3,3,3,3,3,3,3,3
2059,3,3,3,3,3,3,3,3,3
2060,3,3,3,3,3,3,3,3,3
2061,3,3,3,3,3,3,3,3,3
2062,3,3,3,3,3,3,3,3,3
2063,3,3,3,3,3,3,3,3,3
2064,3,3,3,3,3,3,3,3,3
2065,3,3,3,3,3,3,3,3,3
2066,3,3,3,3,3,3,3,3,3
2067,3,3,3,3,3,3,3,3,3
2068,3,3,3,3,3,3,3,3,3
2069,3,3,3,3,3,3,3,3,3
2070,3,3,3,3,3,3,3,3,3
2071,3,3,3,3,3,3,3,3,3
2072,3,3,3,3,3,3,3,3,3
2073,3,3,3,3,3,3,3,3,3
2074,3,3,3,3,3,3,3,3,3
2075,3,3,3,3,3,3,3,3,3
2076,3,3,3,3,3,3,3,3,3
2077,3,3,3,3,3,3,3,3,3
2078,3,3,3,3,3,3,3,3,3
2079,3,3,3,3,3,3,3,3,3
2080,3,3,3,3,3,3,3,3,3
2081,3,3,3,3,3,3,3,3,3
2082,3,3,3,3,3,3,3,3,3
2083,3,3,3,3,3,3,3,3,3
2084,3,3,3,3,3,3,3,3,3
2085,3,3,3,3,3,3,3,3,3
2086,3,3,3,3,3,3,3,3,3
2087,3,3,3,3,3,3,3,3,3
2088,3,3,3,3,3,3,3,3,3
2089,3,3,3,3,3,3,3,3,3
2090,3,3,3,3,3,3,3,3,3
2091,3,3,3,3,3,3,3,3,3
2092,3,3,3,3,4,3,3,3,3
2093,3,3,3,3,4,3,3,3,3
2094,3,3,3,3,4,4,4,4,4
2095,3,4,4,3,4,4,4,4,4
2096,3,4,4,3,4,4,4,4,4
2097,3,4,4,3,4,4,4,4,4
2098,3,4,4,3,4,4,4,4,4
2099,3,4,4,3,4,4,4,4,4
2100,3,4,4,4,4,4,4,4,4
2101,3,4,4,4,4,4,4,4,4
2102,3,4,4,4,4,4,4,4,4
2103,4,4,4,4,4,4,4,4,4
2104,4,4,4,4,4,4,4,4,4
2105,4,4,4,4,4,4,4,4,4
2106,4,4,4,4,4,4,4,4,4
2107,4,4,4,4,4,4,4,4,4
2108,4,4,4,4,4,4,4,4,4
2109,4,4,4,4,4,4,4,4,4
2110,4,4,4,4,4,4,4,4,4
2111,4,4,4,4,4,4,4,4,4
2112,4,4,4,4,4,4,4,4,4
2113,4,4,4,4,4,4,4,4,4
2114,4,4,4,4,4,4,4,4,4
2115,4,4,4,4,4,4,4,4,4
2116,4,4,4,4,4,4,4,4,4
2117,4,4,4,4,4,4,4,4,4
2118,4,4,4,4,4,4,4,4,4
2119,4,4,4,4,4,4,4,4,4
2120,4,4,4,4,4,4,4,4,4
2121,4,4,4,4,4,4,4,4,4
2122,4,4,4,4,4,4,4,4,4
2123,4,4,4,4,4,4,4,4,4
2124,4,4,4,4,4,4,4,4,4
2125,4,4,4,4,4,4,4,4,4
2126,4,4,4,4,4,4,4,4,4
2127,4,4,4,4,4,4,4,4,4
2128,4,4,4,4,4,4,4,4,4
2129,4,4,4,4,4,4,4,4,4
2130,4,4,4,4,4,4,4,4,4
2131,4,4,4,4,4,4,4,4,4
2132,4,4,4,4,4,4,4,4,4
2133,4,4,4,4,4,4,4,4,4
2134,4,4,4,4,4,4,4,4,4
2135,4,4,4,4,4,4,4,4,4
2136,4,4,4,4,4,4,4,4,4
2137,4,4,4,4,4,4,4,4,4
2138,4,4,4,4,4,4,4,4,4
2139,4,4,4,4,4,4,4,4,4
2140,4,4,4,4,4,4,4,4,4
2141,4,4,4,4,4,4,4,4,4
2142,4,4,4,4,4,4,4,4,4
2143,4,4,4,4,4,4,4,4,4
2144,4,4,4,4,4,4,4,4,4
2145,4,4,4,4,4,4,4,4,4
2146,4,4,4,4,4,4,4,4,4
2147,4,4,4,4,4,4,4,4,4
2148,4,4,4,4,4,4,4,4,4
2149,4,4,4,4,4,4,4,4,4
2150,4,4,4,4,4,4,4,4,4
2151,4,4,4,4,4,4,4,4,4
2152,4,4,4,4,4,4,4,4,4
2153,4,4,4,4,4,4,4,4,4
2154,4,4,4,4,4,4,4,4,4
2155,4,4,4,4,4,4,4,4,4
2156,4,4,4,4,4,4,4,4,4
2157,4,4,4,4,4,4,4,4,4
2158,4,4,4,4,4,4,4,4,4
2159,4,4,4,4,4,4,4,4,4
2160,3,4,4,4,4,4,4,4,4
2161,3,4,4,4,4,4,4,4,4
2162,3,4,4,4,4,4,4,4,4
2163,3,4,4,4,4,4,4,4,4
2164,3,4,4,3,4,3,4,4,4
2165,3,3,4,3,3,3,4,3,4
2166,3,3,3,3,3,3,3,3,3
2167,3,3,3,3,3,3,3,3,3
2168,3,3,3,3,3,3,3,3,3
2169,3,3,3,3,3,3,3,3,3
2170,3,3,3,3,3,3,3,3,3
2171,3,3,3,3,3,3,3,3,3
2172,3,3,3,3,3,3,3,3,3
2173,3,3,3,3,3,3,3,3,3
2174,3,3,3,3,3,3,3,3,3
2175,3,3,3,3,3,3,3,3,3
2176,3,3,3,3,3,3,3,3,3
2177,3,3,3,3,3,3,3,3,3
2178,3,3,3,3,3,3,3,3,3
2179,3,3,3,3,3,3,3,3,3
2180,3,3,3,3,3,3,3,3,3
2181,3,3,3,3,3,3,3,3,3
2182,3,3,3,3,3,3,3,3,3
2183,3,3,3,3,3,3,3,3,3
2184,3,3,3,3,3,3,3,3,3
2185,3,3,3,3,3,3,3,3,3
2186,3,3,3,3,3,3,3,3,3
2187,3,3,3,3,3,3,3,3,3
2188,3,3,3,3,3,3,3,3,3
2189,3,3,3,3,3,3,3,3,3
2190,3,3,3,3,3,3,3,3,3
2191,3,3,3,3,3,3,3,3,3
2192,3,3,3,3,3,3,3,3,3
2193,3,3,3,3,3,3,3,3,3
2194,3,3,3,3,3,3,3,3,3
2195,3,3,3,3,3,3,3,3,3
2196,3,3,3,3,3,3,3,3,3
2197,3,3,3,3,3,3,3,3,3
2198,3,3,3,3,3,3,3,3,3
2199,3,3,3,3,3,3,3,3,3
2200,3,3,3,3,3,3,3,3,3
2201,3,3,3,3,3,3,3,3,3
2202,3,3,3,3,3,3,3,3,3
2203,3,3,3,3,3,3,3,3,3
2204,3,3,3,3,3,3,3,3,3
2205,3,3,3,3,3,3,3,3,3
2206,3,3,3,3,3,3,3,3,3
2207,3,3,3,3,3,3,3,3,3
2208,3,3,3,3,3,3,3,3,3
2209,3,3,3,3,3,3,3,3,3
2210,3,3,3,3,3,3,3,3,3
2211,3,3,3,3,3,3,3,3,3
2212,3,3,3,3,3,3,3,3,3
2213,3,3,3,3,3,3,3,3,3
2214,3,3,3,3,3,3,3,3,3
2215,3,3,3,3,3,3,3,3,3
2216,3,3,3,3,3,3,3,3,3
2217,3,3,3,3,3,3,3,3,3
2218,3,3,3,3,3,3,3,3,3
2219,3,3,3,3,3,3,3,3,3
2220,3,3,3,3,3,3,3,3,3
2221,3,3,3,3,3,3,3,3,3
2222,3,3,3,3,3,3,3,3,3
2223,3,3,3,0,3,3,3,3,3
2224,3,3,3,0,3,3,3,3,3
2225,3,3,3,0,3,3,3,3,3
2226,3,3,3,0,3,3,3,3,3
2227,3,3,3,0,3,3,3,3,3
2228,3,3,3,0,3,3,3,3,3
2229,3,3,3,0,3,3,3,3,3
2230,3,3,3,0,3,3,3,3,3
2231,3,3,3,0,3,3,3,3,3
2232,3,3,3,0,3,3,3,3,3
2233,3,3,3,0,3,3,3,3,3
2234,3,3,3,0,3,3,3,3,3
2235,3,3,3,0,3,3,3,3,3
2236,3,3,3,0,3,3,3,3,3
2237,3,3,3,0,3,3,3,3,3
2238,3,3,3,0,3,3,3,3,3
2239,3,3,3,0,3,3,3,3,3
2240,3,3,3,0,3,3,3,3,3
2241,3,3,3,0,3,3,3,3,3
2242,3,3,3,3,3,3,3,3,3
2243,3,3,3,3,3,3,3,3,3
2244,3,3,3,3,3,3,3,3,3
2245,3,3,3,3,3,3,3,3,3
2246,3,3,3,3,3,3,3,3,3
2247,3,3,3,3,3,3,3,3,3
2248,3,3,3,3,3,3,3,3,3
2249,3,3,3,3,3,3,3,3,3
2250,3,3,3,3,3,3,3,3,3
2251,3,3,3,3,3,3,3,3,3
2252,3,3,3,3,3,3,3,3,3
2253,3,3,3,3,3,3,3,3,3
2254,3,3,3,3,3,3,3,3,3
2255,3,3,3,3,3,3,3,3,3
2256,3,3,3,3,3,3,3,3,3
2257,3,3,3,3,3,3,3,3,3
2258,3,3,3,3,3,3,3,3,3
2259,3,3,3,3,3,3,3,3,3
2260,3,3,3,3,3,3,3,3,3
2261,3,3,3,3,3,3,3,3,3
2262,3,3,3,3,3,3,3,3,3
2263,3,3,3,3,3,3,3,3,3
2264,3,3,3,3,3,3,3,3,3
2265,3,3,3,3,3,3,3,3,3
2266,3,3,3,3,3,3,3,3,3
2267,3,3,3,3,3,3,3,3,3
2268,3,3,3,3,3,3,3,3,3
2269,3,3,3,3,3,3,3,3,3
2270,3,3,3,3,3,3,3,3,3
2271,3,3,3,3,3,3,3,3,3
2272,3,3,3,3,3,3,3,3,3
2273,3,3,3,3,3,3,3,3,3
2274,3,3,3,3,3,3,3,3,3
2275,3,3,3,3,3,3,3,3,3
2276,3,3,3,3,3,3,3,3,3
2277,3,3,3,3,3,3,3,3,3
2278,3,3,3,3,3,3,3,3,3
2279,3,3,3,3,3,3,3,3,3
2280,3,3,3,3,3,3,3,3,3
2281,3,3,3,3,3,3,3,3,3
2282,3,3,3,3,3,3,3,3,3
2283,3,3,3,3,3,3,3,3,3
2284,3,3,3,3,3,3,3,3,3
2285,3,3,3,3,3,3,3,3,3
2286,3,3,3,3,3,3,3,3,3
2287,3,3,3,3,3,3,3,3,3
2288,3,3,3,3,3,3,3,3,3
2289,3,3,3,3,3,3,3,3,3
2290,3,3,3,3,3,3,3,3,3
2291,3,3,3,3,3,3,3,3,3
2292,3,3,3,3,3,3,3,3,3
2293,3,3,3,3,3,3,3,3,3
2294,3,3,3,3,3,3,3,3,3
2295,3,3,3,3,3,3,3,3,3
2296,3,3,3,3,3,3,3,3,3
2297,3,3,3,3,3,3,3,3,3
2298,3,3,3,3,3,3,3,3,3
2299,3,3,3,3,3,3,3,3,3
2300,3,3,3,3,3,3,3,3,3
2301,3,3,3,3,3,3,3,3,3
2302,3,3,3,3,3,3,3,3,3
2303,3,3,3,3,3,3,3,3,3
2304,3,3,3,3,4,3,3,3,3
2305,3,3,3,3,4,3,3,3,3
2306,3,3,3,3,4,3,3,3,3
2307,4,3,3,3,4,3,3,3,3
2308,4,3,4,3,4,4,3,4,4
2309,4,4,4,3,4,4,4,4,4
2310,4,4,4,3,4,4,4,4,4
2311,4,4,4,4,4,4,4,4,4
2312,4,4,4,4,4,4,4,4,4
2313,4,4,4,4,4,4,4,4,4
2314,4,4,4,4,4,4,4,4,4
2315,4,4,4,4,4,4,4,4,4
2316,4,4,4,4,4,4,4,4,4
2317,4,4,4,4,4,4,4,4,4
2318,4,4,4,4,4,4,4,4,4
2319,4,4,4,4,4,4,4,4,4
2320,4,4,4,4,4,4,4,4,4
2321,4,4,4,4,4,4,4,4,4
2322,4,4,4,4,4,4,4,4,4
2323,4,4,4,4,4,4,4,4,4
2324,4,4,4,4,4,4,4,4,4
2325,4,4,4,4,4,4,4,4,4
2326,4,4,4,4,4,4,4,4,4
2327,4,4,4,4,4,4,4,4,4
2328,4,4,4,4,4,4,4,4,4
2329,4,4,4,4,4,4,4,4,4
2330,4,4,4,4,4,4,4,4,4
2331,4,4,4,4,4,4,4,4,4
2332,4,4,4,4,4,4,4,4,4
2333,4,4,4,4,4,4,4,4,4
2334,4,4,4,4,4,4,4,4,4
2335,4,4,4,4,4,4,4,4,4
2336,4,4,4,4,4,4,4,4,4
2337,4,4,4,4,4,4,4,4,4
2338,4,4,4,4,4,4,4,4,4
2339,4,4,4,4,4,4,4,4,4
2340,4,4,4,4,4,4,4,4,4
2341,4,4,4,4,4,4,4,4,4
2342,4,4,4,4,4,4,4,4,4
2343,4,4,4,4,4,4,4,4,4
2344,4,4,4,4,4,4,4,4,4
2345,4,4,4,4,4,4,4,4,4
2346,4,4,4,4,4,4,4,4,4
2347,4,4,4,4,4,4,4,4,4
2348,4,4,4,4,4,4,4,4,4
2349,4,4,4,4,4,4,4,4,4
2350,4,4,4,4,4,4,4,4,4
2351,4,4,4,4,4,4,4,4,4
2352,4,4,4,4,4,4,4,4,4
2353,4,4,4,4,4,4,4,4,4
2354,4,4,4,4,4,4,4,4,4
2355,4,4,4,4,4,4,4,4,4
2356,4,4,4,4,4,4,4,4,4
2357,4,4,4,4,4,4,4,4,4
2358,4,4,4,4,4,4,4,4,4
2359,4,4,4,4,4,4,4,4,4
2360,4,4,3,4,4,4,4,4,4
2361,3,3,3,3,4,3,4,3,4
2362,3,3,3,3,4,3,3,3,3
2363,3,3,3,3,4,3,3,3,3
2364,3,3,3,3,3,3,3,3,3
2365,3,3,3,3,3,3,3,3,3
2366,3,3,3,3,3,3,3,3,3
2367,3,3,3,3,3,3,3,3,3
2368,3,3,3,3,3,3,3,3,3
2369,3,3,3,3,3,3,3,3,3
2370,3,3,3,3,3,3,3,3,3
2371,3,3,3,3,3,3,3,3,3
2372,3,3,3,3,3,3,3,3,3
2373,3,3,3,3,3,3,3,3,3
2374,3,3,3,3,3,3,3,3,3
2375,3,3,3,3,3,3,3,3,3
2376,3,3,3,3,3,3,3,3,3
2377,3,3,3,3,3,3,3,3,3
2378,3,3,3,3,3,3,3,3,3
2379,3,3,3,3,3,3,3,3,3
2380,3,3,3,3,3,3,3,3,3
2381,3,3,3,3,3,3,3,3,3
2382,3,3,3,3,3,3,3,3,3
2383,3,3,3,3,3,3,3,3,3
2384,3,3,3,3,3,3,3,3,3
2385,3,3,3,3,3,3,3,3,3
2386,3,3,3,3,3,3,3,3,3
2387,3,3,3,3,3,3,3,3,3
2388,3,3,3,3,3,3,3,3,3
2389,3,3,3,3,3,3,3,3,3
2390,3,3,3,3,3,3,3,3,3
2391,3,3,3,3,3,3,3,3,3
2392,3,3,3,3,3,3,3,3,3
2393,3,3,3,3,3,3,3,3,3
2394,3,3,3,3,3,3,3,3,3
2395,3,3,3,3,3,3,3,3,3
2396,3,3,3,3,3,3,3,3,3
2397,3,3,3,3,3,3,3,3,3
2398,3,3,3,3,3,3,3,3,3
2399,3,3,3,3,3,3,3,3,3
2400,3,3,3,3,3,3,3,3,3
2401,3,3,3,3,3,3,3,3,3
2402,3,3,3,3,3,3,3,3,3
2403,3,3,3,3,3,3,3,3,3
2404,3,3,3,3,3,3,3,3,3
2405,3,3,3,3,3,3,3,3,3
2406,3,3,3,3,3,3,3,3,3
2407,3,3,3,3,3,3,3,3,3
2408,3,3,3,3,3,3,3,3,3
2409,3,3,3,3,3,3,3,3,3
2410,3,3,3,3,3,3,3,3,3
2411,3,3,3,3,3,3,3,3,3
2412,3,3,3,3,3,3,3,3,3
2413,3,3,3,3,3,3,3,3,3
2414,3,3,3,3,3,3,3,3,3
2415,3,3,3,3,3,3,3,3,3
2416,3,3,3,3,3,3,3,3,3
2417,3,3,3,3,3,3,3,3,3
2418,3,3,3,3,3,3,3,3,3
2419,3,3,3,3,3,3,3,3,3
2420,3,3,3,3,3,3,3,3,3
2421,3,3,3,3,3,3,3,3,3
2422,3,3,3,3,3,3,3,3,3
2423,3,3,3,3,3,3,3,3,3
2424,3,3,3,3,3,3,3,3,3
2425,3,3,3,3,3,3,3,3,3
2426,3,3,3,3,3,3,3,3,3
2427,3,3,3,3,3,3,3,3,3
2428,3,3,3,3,3,3,3,3,3
2429,3,3,3,3,3,3,3,3,3
2430,3,3,3,3,4,3,3,3,3
2431,3,3,3,3,4,4,3,3,3
2432,3,4,4,3,4,4,4,4,4
2433,3,4,4,3,4,4,4,4,4
2434,3,4,4,3,4,4,4,4,4
2435,3,4,4,4,4,4,4,4,4
2436,3,4,4,4,4,4,4,4,4
2437,3,4,4,4,4,4,4,4,4
2438,3,4,4,4,4,4,4,4,4
2439,3,4,4,4,4,4,4,4,4
2440,3,4,4,4,4,4,4,4,4
2441,3,4,4,4,4,4,4,4,4
2442,4,4,4,4,4,4,4,4,4
2443,4,4,4,4,4,4,4,4,4
2444,4,4,4,4,4,4,4,4,4
2445,4,4,4,4,4,4,4,4,4
2446,4,4,4,4,4,4,4,4,4
2447,4,4,4,4,4,4,4,4,4
2448,4,4,4,4,4,4,4,4,4
2449,4,4,4,4,4,4,4,4,4
2450,4,4,4,4,4,4,4,4,4
2451,4,4,4,4,4,4,4,4,4
2452,4,4,4,4,4,4,4,4,4
2453,4,4,4,4,4,4,4,4,4
2454,4,4,4,4,4,4,4,4,4
2455,4,4,4,4,4,4,4,4,4
2456,4,4,4,4,4,4,4,4,4
2457,4,4,4,4,4,4,4,4,4
2458,4,4,4,4,4,4,4,4,4
2459,4,4,4,4,4,4,4,4,4
2460,4,4,4,4,4,4,4,4,4
2461,4,4,4,4,4,4,4,4,4
2462,4,4,4,4,4,4,4,4,4
2463,4,4,4,4,4,4,4,4,4
2464,4,4,4,4,4,4,4,4,4
2465,4,4,4,4,4,4,4,4,4
2466,4,4,4,4,4,4,4,4,4
2467,4,4,4,4,4,4,4,4,4
2468,4,4,4,4,4,4,4,4,4
2469,4,4,4,4,4,4,4,4,4
2470,4,4,4,4,4,4,4,4,4
2471,4,4,4,4,4,4,4,4,4
2472,4,4,4,4,4,4,4,4,4
2473,4,4,4,4,4,4,4,4,4
2474,4,4,4,4,4,4,4,4,4
2475,4,4,4,4,4,4,4,4,4
2476,4,4,4,4,4,4,4,4,4
2477,4,4,4,4,4,4,4,4,4
2478,4,3,4,3,4,4,4,4,4
2479,4,3,4,3,4,3,4,4,4
2480,4,3,3,3,3,3,3,3,4
2481,3,3,3,3,3,3,3,3,3
2482,3,3,3,3,3,3,3,3,3
2483,3,3,3,3,3,3,3,3,3
2484,3,3,3,3,3,3,3,3,3
2485,3,3,3,3,3,3,3,3,3
2486,3,3,3,3,3,3,3,3,3
2487,3,3,3,3,3,3,3,3,3
2488,3,3,3,3,3,3,3,3,3
2489,3,3,3,3,3,3,3,3,3
2490,3,3,3,3,3,3,3,3,3
2491,3,3,3,3,3,3,3,3,3
2492,3,3,3,3,3,3,3,3,3
2493,3,3,3,3,3,3,3,3,3
2494,3,3,3,3,3,3,3,3,3
2495,3,3,3,3,3,3,3,3,3
2496,3,3,3,3,3,3,3,3,3
2497,3,3,3,3,3,3,3,3,3
2498,3,3,3,3,3,3,3,3,3
2499,3,3,3,3,3,3,3,3,3
2500,3,3,3,3,3,3,3,3,3
2501,3,3,3,3,3,3,3,3,3
2502,3,3,3,3,3,3,3,3,3
2503,3,3,3,3,3,3,3,3,3
2504,3,3,3,3,3,3,3,3,3
2505,3,3,3,3,3,3,3,3,3
2506,3,3,3,3,3,3,3,3,3
2507,3,3,3,3,3,3,3,3,3
2508,3,3,3,3,3,3,3,3,3
2509,3,3,3,3,3,3,3,3,3
2510,3,3,3,3,3,3,3,3,3
2511,3,3,3,3,3,3,3,3,3
2512,3,3,3,3,3,3,3,3,3
2513,3,3,3,3,3,3,3,3,3
2514,3,3,3,3,3,3,3,3,3
2515,3,3,3,3,3,3,3,3,3
2516,3,3,3,3,3,3,3,3,3
2517,3,3,3,3,3,3,3,3,3
2518,3,3,3,3,3,3,3,3,3
2519,3,3,3,3,3,3,3,3,3
2520,3,3,3,3,3,3,3,3,3
2521,3,3,3,3,3,3,3,3,3
2522,3,3,3,3,3,3,3,3,3
2523,3,3,3,3,3,3,3,3,3
2524,3,3,3,3,3,3,3,3,3
2525,3,3,3,3,3,3,3,3,3
2526,3,3,3,3,3,3,3,3,3
2527,3,3,3,3,3,3,3,3,3
2528,3,3,3,3,3,3,3,3,3
2529,3,3,3,3,3,3,3,3,3
2530,3,3,3,3,3,3,3,3,3
2531,3,3,3,3,3,3,3,3,3
2532,3,3,3,3,3,3,3,3,3
2533,3,3,3,3,3,3,3,3,3
2534,3,3,3,3,3,3,3,3,3
2535,3,3,3,3,3,3,3,3,3
2536,3,3,3,3,3,3,3,3,3
2537,3,3,3,3,3,3,3,3,3
2538,3,3,3,3,3,3,3,3,3
2539,3,3,3,3,3,3,3,3,3
2540,3,3,3,3,3,3,3,3,3
2541,4,3,3,3,3,3,3,3,3
2542,4,3,3,3,4,3,3,3,3
2543,4,3,3,3,4,3,3,3,3
2544,4,3,3,3,4,3,3,3,3
2545,4,3,3,3,4,4,3,3,4
2546,4,3,4,3,4,4,4,4,4
2547,4,4,4,4,4,4,4,4,4
2548,4,4,4,4,4,4,4,4,4
2549,4,4,4,4,4,4,4,4,4
2550,4,4,4,4,4,4,4,4,4
2551,4,4,4,4,4,4,4,4,4
2552,4,4,4,4,4,4,4,4,4
2553,4,4,4,4,4,4,4,4,4
2554,4,4,4,4,4,4,4,4,4
2555,4,4,4,4,4,4,4,4,4
2556,4,4,4,4,4,4,4,4,4
2557,4,4,4,4,4,4,4,4,4
2558,4,4,4,4,4,4,4,4,4
2559,4,4,4,4,4,4,4,4,4
2560,4,4,4,4,4,4,4,4,4
2561,4,4,4,4,4,4,4,4,4
2562,4,4,4,4,4,4,4,4,4
2563,4,4,4,4,4,4,4,4,4
2564,4,4,4,4,4,4,4,4,4
2565,4,4,4,4,4,4,4,4,4
2566,4,4,4,4,4,4,4,4,4
2567,4,4,4,4,4,4,4,4,4
2568,4,4,4,4,4,4,4,4,4
2569,4,4,4,4,4,4,4,4,4
2570,4,4,4,4,4,4,4,4,4
2571,4,4,4,4,4,4,4,4,4
2572,4,4,4,4,4,4,4,4,4
2573,4,4,4,4,4,4,4,4,4
2574,4,4,4,4,4,4,4,4,4
2575,4,4,4,4,4,4,4,4,4
2576,4,4,4,4,4,4,4,4,4
2577,4,4,4,4,4,4,4,4,4
2578,4,4,4,4,4,4,4,4,4
2579,4,4,4,4,4,4,4,4,4
2580,4,4,4,4,4,4,4,4,4
2581,4,4,4,4,4,4,4,4,4
2582,4,4,4,4,4,4,4,4,4
2583,4,4,4,4,4,4,4,4,4
2584,4,4,4,4,4,4,4,4,4
2585,4,4,4,4,4,4,4,4,4
2586,4,4,4,4,4,4,4,4,4
2587,4,4,4,4,4,4,4,4,4
2588,4,4,4,4,4,4,4,0,4
2589,4,4,4,4,4,4,4,0,4
2590,4,0,4,4,4,0,4,0,4
2591,4,0,0,0,4,0,4,0,4
2592,0,0,0,0,4,0,4,0,4
2593,0,0,0,0,4,0,4,0,0
2594,0,0,0,0,4,0,4,0,0
2595,0,0,0,0,4,0,0,0,0
2596,0,0,0,0,0,0,0,0,0
2597,0,0,0,0,0,0,0,0,0
2598,0,0,0,0,0,0,0,0,0
2599,0,0,0,0,0,0,0,0,0
2600,0,0,0,0,0,0,0,0,0
2601,0,0,0,0,0,0,0,0,0
2602,0,0,0,0,0,0,0,0,0
2603,0,0,0,0,0,0,0,0,0
2604,0,0,0,0,0,0,0,0,0
2605,0,0,0,0,0,0,0,0,0
2606,0,0,0,0,0,0,0,0,0
2607,0,0,0,0,0,0,0,0,0
2608,0,0,0,0,0,0,0,0,0
2609,0,0,0,0,0,0,0,0,0
2610,0,0,0,0,0,0,0,0,0
2611,0,0,0,0,0,0,0,0,0
2612,0,0,0,0,0,0,0,0,0
2613,0,0,0,0,0,0,0,0,0
2614,0,0,0,0,0,0,0,0,0
2615,0,0,0,0,0,0,0,0,0
2616,0,0,0,0,0,0,0,0,0
2617,0,0,0,0,0,0,0,0,0
2618,0,0,0,0,0,0,0,0,0
2619,0,0,0,0,0,0,0,0,0
2620,0,0,0,0,0,0,0,0,0
2621,0,0,0,0,0,0,0,0,0
2622,0,0,0,0,0,0,0,0,0
2623,0,0,0,0,0,0,0,0,0
2624,0,0,0,0,0,0,0,0,0
2625,0,0,0,0,0,0,0,0,0
2626,0,0,0,0,0,0,0,0,0
2627,0,0,0,0,0,0,0,0,0
2628,0,0,0,0,0,0,0,0,0
2629,0,0,0,0,0,0,0,0,0
2630,0,0,0,0,0,0,0,0,0
2631,0,0,0,0,0,0,0,0,0
2632,0,0,0,0,0,0,0,0,0
2633,0,0,0,0,0,0,0,0,0
2634,0,0,0,0,0,0,0,0,0
2635,0,0,0,0,0,0,0,0,0
2636,0,0,0,0,0,0,0,0,0
2637,0,0,0,0,0,0,0,0,0
2638,0,0,0,0,0,0,0,0,0
2639,0,0,0,0,0,0,0,0,0
2640,0,0,0,0,0,0,0,0,0
2641,0,0,0,0,0,0,0,0,0
2642,0,0,0,0,0,0,0,0,0
2643,0,0,0,0,0,0,0,0,0
2644,0,0,0,0,0,0,0,0,0
2645,0,0,0,0,0,0,0,0,0
2646,0,0,0,0,0,0,0,0,0
2647,0,0,0,0,0,0,0,0,0
2648,0,0,0,0,0,0,0,0,0
2649,0,0,0,0,0,0,0,0,0
2650,0,0,0,0,0,0,0,0,0
2651,0,0,0,0,0,0,0,0,0
2652,0,0,0,0,0,0,0,0,0
2653,0,0,0,0,0,0,0,0,0
2654,0,0,0,0,0,0,0,0,0
2655,0,0,0,0,0,0,0,0,0
2656,0,0,0,0,0,0,0,0,0
2657,0,0,0,0,0,0,0,0,0
2658,0,0,0,0,0,0,0,0,0
2659,0,0,0,0,0,0,0,0,0
2660,0,0,0,0,0,0,0,0,0
2661,0,0,0,0,0,0,0,0,0
2662,0,0,0,0,0,0,0,0,0
2663,0,0,0,0,0,0,0,0,0
2664,0,0,0,0,0,0,0,0,0
2665,0,0,0,0,0,0,0,0,0
2666,0,0,0,0,0,0,0,0,0
2667,0,0,0,0,0,0,0,0,0
2668,0,0,0,0,0,0,0,0,0
2669,0,0,0,0,0,0,0,0,0
2670,0,0,0,0,0,0,0,0,0
2671,0,0,0,0,0,0,0,0,0
2672,0,0,0,0,0,0,0,0,0
2673,0,0,0,0,0,0,0,0,0
2674,0,0,0,0,0,0,0,0,0
2675,0,0,0,0,0,0,0,0,0
2676,0,0,0,0,0,0,0,0,0
2677,0,0,0,0,0,0,0,0,0
2678,0,0,0,0,0,0,0,0,0
2679,0,0,0,0,0,0,0,0,0
2680,0,0,0,0,0,0,0,0,0
2681,0,0,0,0,0,0,0,0,0
2682,0,0,0,0,0,0,0,0,0
2683,0,0,0,0,0,0,0,0,0
2684,0,0,0,0,0,0,0,0,0
2685,0,0,0,0,0,0,0,0,0
2686,0,0,0,0,0,0,0,0,0
2687,0,0,0,0,0,0,0,0,0
2688,0,0,0,0,0,0,0,0,0
2689,0,0,0,0,0,0,0,0,0
2690,0,0,0,0,0,0,0,0,0
2691,0,0,0,0,0,0,0,0,0
2692,0,0,0,0,0,0,0,0,0
2693,0,0,0,0,0,0,0,0,0
2694,0,0,0,0,0,0,0,0,0
2695,0,0,0,0,0,0,0,0,0
2696,0,0,0,0,0,0,0,0,0
2697,0,0,0,0,0,0,0,0,0
2698,0,0,0,0,0,0,0,0,0
2699,0,0,0,0,0,0,0,0,0
2700,0,0,0,0,0,0,0,0,0
2701,0,0,0,0,0,0,0,0,0
2702,0,0,0,0,0,0,0,0,0
2703,0,0,0,0,0,0,0,0,0
2704,0,0,0,0,0,0,0,0,0
2705,0,0,0,0,0,0,0,0,0
2706,0,0,0,0,0,0,0,0,0
2707,0,0,0,0,0,0,0,0,0
2708,0,0,0,0,0,0,0,0,0
2709,0,0,0,0,0,0,0,0,0
2710,0,0,0,0,5,0,0,0,0
2711,0,0,0,5,5,0,0,0,0
2712,0,0,0,5,5,0,0,0,0
2713,0,0,0,5,5,0,0,0,0
2714,0,0,0,5,5,0,0,0,5
2715,5,5,0,5,5,0,0,0,5
2716,5,5,0,5,5,0,0,0,5
2717,5,5,0,5,5,0,0,0,5
2718,5,5,5,5,5,0,0,5,5
2719,5,5,5,5,5,0,5,5,5
2720,5,5,5,5,5,5,5,5,5
2721,5,5,5,5,5,5,5,5,5
2722,5,5,5,5,5,5,5,5,5
2723,5,5,5,5,5,5,5,5,5
2724,5,5,5,5,5,5,5,5,5
2725,5,5,5,5,5,5,5,5,5
2726,5,5,5,5,5,5,5,5,5
2727,5,5,5,5,5,5,5,5,5
2728,5,5,5,5,5,5,5,5,5
2729,5,5,5,5,5,5,5,5,5
2730,5,5,5,5,5,5,5,5,5
2731,5,5,5,5,5,5,5,5,5
2732,5,5,5,5,5,5,5,5,5
2733,5,5,5,5,5,5,5,5,5
2734,5,5,5,5,5,5,5,5,5
2735,5,5,5,5,5,5,5,5,5
2736,5,5,5,5,5,5,5,5,5
2737,5,5,5,5,5,5,5,5,5
2738,5,5,5,5,5,5,5,5,5
2739,5,5,5,5,5,5,5,5,5
2740,5,5,5,5,5,5,5,5,5
2741,5,5,5,5,5,5,5,5,5
2742,5,5,5,5,5,5,5,5,5
2743,5,5,5,5,5,5,5,5,5
2744,5,5,5,5,5,5,5,5,5
2745,5,5,5,5,5,5,5,5,5
2746,5,5,5,5,5,5,5,5,5
2747,5,5,5,5,5,5,5,5,5
2748,5,5,5,5,5,5,5,5,5
2749,5,5,5,5,5,5,5,5,5
2750,5,5,5,5,5,5,5,5,5
2751,0,5,5,5,5,5,5,5,5
2752,0,5,5,5,5,5,5,5,5
2753,0,5,5,5,5,5,5,5,5
2754,0,0,5,5,5,5,5,5,5
2755,0,0,5,0,5,0,5,5,5
2756,0,0,5,0,5,0,0,0,5
2757,0,0,5,0,5,0,0,0,5
2758,0,0,0,0,5,0,0,0,0
2759,0,0,0,0,5,0,0,0,0
2760,0,0,0,0,5,0,0,0,0
2761,0,0,0,0,0,0,0,0,0
2762,0,0,0,0,0,0,0,0,0
2763,0,0,0,0,0,0,0,0,0
2764,0,0,0,0,0,0,0,0,0
2765,0,0,0,0,0,0,0,0,0
2766,0,0,0,0,0,0,0,0,0
2767,0,0,0,0,0,0,0,0,0
2768,0,0,0,0,0,0,0,0,0
2769,0,0,0,0,0,0,0,0,0
2770,0,0,0,0,0,0,0,0,0
2771,0,0,0,0,0,0,0,0,0
2772,0,0,0,0,0,0,0,0,0
2773,0,0,0,0,0,0,0,0,0
2774,0,0,0,0,0,0,0,0,0
2775,0,0,0,0,0,0,0,0,0
2776,0,0,0,0,0,0,0,0,0
2777,0,0,0,0,0,0,0,0,0
2778,0,0,0,0,0,0,0,0,0
2779,0,0,0,0,0,0,0,0,0
2780,0,0,0,0,0,0,0,0,0
2781,0,0,0,0,0,0,0,0,0
2782,0,0,0,0,0,0,0,0,0
2783,0,0,0,0,0,0,0,0,0
2784,0,0,0,0,0,0,0,0,0
2785,0,0,0,0,0,0,0,0,0
2786,0,0,0,0,0,0,0,0,0
2787,0,0,0,0,0,0,0,0,0
2788,0,0,0,0,0,0,0,0,0
2789,0,0,0,0,0,0,0,0,0
2790,0,0,0,0,0,0,0,0,0
2791,0,0,0,0,0,0,0,0,0
2792,0,0,0,0,0,0,0,0,0
2793,0,0,0,0,0,0,0,0,0
2794,0,0,0,0,0,0,0,0,0
2795,0,0,0,0,0,0,0,0,0
2796,0,0,0,0,0,0,0,0,0
2797,0,0,0,0,0,0,0,0,0
2798,0,0,0,0,0,0,0,0,0
2799,0,0,0,0,0,0,0,0,0
2800,0,0,0,0,0,0,0,0,0
2801,0,0,0,0,0,0,0,0,0
2802,0,0,0,0,0,0,0,0,0
2803,0,0,0,0,0,0,0,0,0
2804,0,0,0,0,0,0,0,0,0
2805,0,0,0,0,0,0,0,0,0
2806,0,0,0,0,0,0,0,0,0
2807,0,0,0,0,0,0,0,0,0
2808,0,0,0,0,0,0,0,0,0
2809,0,0,0,0,0,0,0,0,0
2810,0,0,0,0,0,0,0,0,0
2811,0,0,0,0,0,0,0,0,0
2812,0,0,0,0,0,0,0,0,0
2813,0,0,0,0,0,0,0,0,0
2814,0,0,0,0,0,0,0,0,0
2815,0,0,0,0,0,0,0,0,0
2816,0,0,0,0,0,0,0,0,0
2817,0,0,0,0,0,0,0,0,0
2818,0,0,0,0,0,0,0,0,0
2819,0,0,0,0,0,0,0,0,0
2820,0,0,0,0,0,0,0,0,0
2821,0,0,0,0,0,0,0,0,0
2822,0,0,0,0,0,0,0,0,0
2823,0,0,0,0,0,0,0,0,0
2824,0,0,0,0,0,0,0,0,0
2825,0,0,0,0,0,0,0,0,0
2826,0,0,0,0,0,0,0,0,0
2827,0,0,0,0,0,0,0,0,0
2828,0,0,0,0,0,0,0,0,0
2829,0,0,0,0,0,0,0,0,0
2830,0,0,0,0,0,0,0,0,0
2831,0,0,0,0,0,0,0,0,0
2832,0,0,0,0,0,0,0,0,0
2833,0,0,0,0,0,0,0,0,0
2834,0,0,0,0,0,0,0,0,0
2835,0,0,0,0,0,0,0,0,0
2836,0,0,0,0,0,0,0,0,0
2837,0,0,0,0,0,0,0,0,0
2838,0,0,0,0,0,0,0,0,0
2839,0,0,0,0,0,0,0,0,0
2840,0,0,0,0,0,0,0,0,0
2841,0,0,0,0,0,0,0,0,0
2842,0,0,0,0,0,0,0,0,0
2843,0,0,0,0,0,0,0,0,0
2844,0,0,0,0,0,0,0,0,0
2845,0,0,0,0,0,0,0,0,0
2846,0,0,0,0,0,0,0,0,0
2847,0,0,0,0,0,0,0,0,0
2848,0,0,0,0,0,0,0,0,0
2849,0,0,0,0,0,0,0,0,0
2850,0,0,0,0,0,0,0,0,0
2851,0,0,0,0,0,0,0,0,0
2852,0,0,0,0,0,0,0,0,0
2853,0,0,0,0,0,0,0,0,0
2854,0,0,0,0,0,0,0,0,0
2855,0,0,0,0,0,0,0,0,0
2856,0,0,0,0,0,0,0,0,0
2857,0,0,0,0,0,0,0,0,0
2858,0,0,0,0,0,0,0,0,0
2859,0,0,0,0,0,0,0,0,0
2860,0,0,0,0,0,0,0,0,0
2861,0,0,0,0,0,0,0,0,0
2862,0,0,0,0,0,0,0,0,0
2863,0,0,0,0,0,0,0,0,0
2864,0,0,0,0,0,0,0,0,0
2865,0,0,0,0,0,0,0,0,0
2866,0,0,0,0,0,0,0,0,0
2867,0,0,0,0,0,0,0,0,0
2868,0,0,0,0,0,0,0,0,0
2869,0,0,0,0,0,0,0,0,0
2870,0,0,0,0,0,0,0,0,0
2871,0,0,0,0,0,0,0,0,0
2872,0,0,0,0,0,0,0,0,0
2873,0,0,0,0,0,0,0,0,0
2874,0,0,0,0,0,0,0,0,0
2875,0,0,0,0,0,0,0,0,0
2876,0,0,0,0,0,0,0,0,0
2877,0,0,0,0,0,0,0,0,0
2878,0,0,0,0,0,0,0,0,0
2879,0,0,0,0,0,0,0,0,0
2880,0,0,0,0,0,0,0,0,0
2881,0,0,0,0,0,0,0,0,0
2882,0,0,0,0,0,0,0,0,0
2883,0,0,0,0,0,0,0,0,0
2884,0,0,0,0,0,0,0,0,0
2885,0,0,0,0,0,0,0,0,0
2886,0,0,0,0,0,0,0,0,0
2887,0,0,0,0,0,0,0,0,0
2888,0,0,0,0,0,0,0,0,0
2889,0,0,0,0,0,0,0,0,0
2890,0,0,0,0,0,0,0,0,0
2891,0,0,0,0,0,0,0,0,0
2892,0,0,0,0,0,0,0,0,0
2893,0,0,0,0,0,0,0,0,0
2894,0,0,0,0,0,0,0,0,0
2895,0,0,0,0,0,0,0,0,0
2896,0,0,0,0,0,0,0,0,0
2897,0,0,0,0,0,0,0,0,0
2898,0,0,0,0,0,0,0,0,0
2899,0,0,0,0,0,0,0,0,0
2900,0,0,0,0,0,0,0,0,0
2901,0,0,0,0,0,0,0,0,0
2902,0,0,0,0,0,0,0,0,0
2903,0,0,0,0,0,0,0,0,0
2904,0,0,0,0,0,0,0,0,0
2905,0,0,0,0,0,0,0,0,0
2906,0,0,0,0,0,0,0,0,0
2907,0,0,0,0,0,0,0,0,0
2908,0,0,0,0,0,0,0,0,0
2909,0,0,0,0,0,0,0,0,0
2910,0,0,0,0,0,0,0,0,0
2911,0,0,0,0,0,0,0,0,0
2912,0,0,0,0,0,0,0,0,0
2913,0,0,0,0,0,0,0,0,0
2914,0,0,0,0,0,0,0,0,0
2915,0,0,0,0,0,0,0,0,0
2916,0,0,0,0,0,0,0,0,0
2917,0,0,0,0,0,0,0,0,0
2918,0,0,0,0,0,0,0,0,0
2919,0,0,0,0,0,0,0,0,0
2920,0,0,0,0,0,0,0,0,0
2921,0,0,0,0,0,0,0,0,0
2922,0,0,0,0,0,0,0,0,0
2923,0,0,0,0,0,0,0,0,0
2924,0,0,0,0,0,0,0,0,0
2925,0,0,0,0,0,0,0,0,0
2926,0,0,0,0,0,0,0,0,0
2927,0,0,0,0,0,0,0,0,0
2928,0,0,0,0,0,0,0,0,0
2929,0,0,0,0,0,0,0,0,0
2930,0,0,0,0,0,0,0,0,0
2931,0,0,0,0,0,0,0,0,0
2932,0,0,0,0,0,0,0,0,0
2933,0,0,0,0,0,0,0,0,0
2934,0,0,0,0,0,0,0,0,0
2935,0,0,0,0,0,0,0,0,0
2936,0,0,0,0,0,0,0,0,0
2937,0,0,0,0,0,0,0,0,0
2938,0,0,0,0,0,0,0,0,0
2939,0,0,0,0,0,0,0,0,0
2940,0,0,0,0,0,0,0,0,0
2941,0,0,0,0,0,0,0,0,0
2942,0,0,0,0,0,0,0,0,0
2943,0,0,0,0,0,0,0,0,0
2944,0,0,0,0,0,0,0,0,0
2945,0,0,0,0,0,0,0,0,0
2946,0,0,0,0,0,0,0,0,0
2947,0,0,0,0,0,0,0,0,0
2948,0,0,0,0,0,0,0,0,0
2949,0,0,0,0,0,0,0,0,0
2950,0,0,0,0,0,0,0,0,0
2951,0,0,0,0,0,0,0,0,0
2952,0,0,0,0,0,0,0,0,0
2953,0,0,0,0,0,0,0,0,0
2954,0,0,0,0,0,0,0,0,0
2955,0,0,0,0,0,0,0,0,0
2956,0,0,0,0,0,0,0,0,0
2957,0,0,0,0,0,0,0,0,0
2958,0,0,0,0,0,0,0,0,0
2959,0,0,0,0,0,0,0,0,0
2960,0,0,0,0,0,0,0,0,0
2961,0,0,0,0,0,0,0,0,0
2962,0,0,0,0,0,0,0,0,0
2963,0,0,0,0,0,0,0,0,0
2964,0,0,0,0,0,0,0,0,0
2965,0,0,0,0,0,0,0,0,0
2966,0,0,0,0,0,0,0,0,0
2967,0,0,0,0,0,0,0,0,0
2968,0,0,0,0,0,0,0,0,0
2969,0,0,0,0,0,0,0,0,0
2970,0,0,0,0,0,0,0,0,0
2971,0,0,0,0,0,0,0,0,0
2972,0,0,0,0,0,0,0,0,0
2973,0,0,0,0,0,0,0,0,0
2974,0,0,0,0,0,0,0,0,0
2975,0,0,0,0,0,0,0,0,0
2976,0,0,0,0,0,0,0,0,0
2977,0,0,0,0,0,0,0,0,0
2978,0,0,0,0,0,0,0,0,0
2979,0,0,0,0,0,0,0,0,0
2980,0,0,0,0,0,0,0,0,0
2981,0,0,0,0,0,0,0,0,0
2982,1,0,0,0,0,0,0,0,0
2983,1,0,0,0,0,0,0,0,0
2984,1,0,0,0,0,0,0,0,0
2985,1,0,0,0,0,0,0,0,0
2986,1,0,0,1,0,0,0,0,0
2987,1,0,0,1,0,0,0,0,0
2988,1,0,0,1,0,0,0,0,0
2989,1,0,0,1,0,0,0,0,0
2990,1,0,0,1,0,0,0,0,0
2991,1,0,0,1,0,0,0,0,0
2992,1,1,0,1,0,0,0,0,0
2993,1,1,0,1,0,0,0,0,0
2994,1,1,0,1,0,0,0,0,0
2995,1,1,0,1,0,0,0,0,0
2996,1,1,0,1,0,0,0,0,0
2997,1,1,0,1,0,0,0,0,0
2998,1,1,0,1,0,0,0,0,0
2999,1,1,0,1,0,0,0,0,0
3000,1,1,0,1,0,0,0,0,0
3001,1,1,0,1,0,0,0,0,0
3002,1,1,1,1,0,0,1,0,0
3003,1,1,1,1,0,0,0,0,0
3004,1,1,1,1,0,0,1,0,0
3005,1,1,1,1,0,0,1,0,0
3006,1,1,1,1,0,0,1,0,0
3007,1,1,1,1,0,0,1,0,1
3008,1,1,1,1,1,0,1,0,1
3009,1,1,1,1,1,0,1,0,1
3010,1,1,1,1,1,0,1,1,1
3011,1,1,1,1,1,0,1,1,1
3012,1,1,1,1,1,1,1,1,1
3013,1,1,1,1,1,1,1,1,1
3014,1,1,1,1,1,1,1,1,1
3015,1,1,1,1,1,1,1,1,1
3016,1,1,1,1,1,1,1,1,1
3017,1,1,1,1,1,1,1,1,1
3018,1,1,1,1,1,1,1,1,1
3019,1,1,1,1,1,1,1,1,1
3020,1,1,1,1,1,1,1,1,1
3021,1,1,1,1,1,1,1,1,1
3022,1,1,1,1,1,1,1,1,1
3023,1,1,1,1,1,1,1,1,1
3024,1,1,1,1,1,1,1,1,1
3025,1,1,1,1,1,1,1,1,1
3026,1,1,1,1,1,1,1,1,1
3027,1,1,1,1,1,1,1,1,1
3028,1,1,1,1,1,1,1,1,1
3029,1,1,1,1,1,1,1,1,1
3030,1,1,1,1,1,1,1,1,1
3031,1,1,1,1,1,1,1,1,1
3032,1,1,1,1,1,1,1,1,1
3033,1,1,1,1,1,1,1,1,1
3034,1,1,1,1,1,1,1,1,1
3035,1,1,1,1,1,1,1,1,1
3036,1,1,1,1,1,1,1,1,1
3037,1,1,1,1,1,1,1,1,1
3038,1,1,1,1,1,1,1,1,1
3039,1,1,1,1,1,1,1,1,1
3040,1,1,1,1,1,1,1,1,1
3041,1,1,1,1,1,1,1,1,1
3042,1,1,1,1,1,1,1,1,1
3043,1,1,1,1,1,1,1,1,1
3044,1,1,1,1,1,1,1,1,1
3045,1,1,1,1,1,1,1,1,1
3046,1,1,1,1,1,1,1,1,1
3047,1,1,1,1,1,1,1,1,1
3048,1,1,1,1,1,1,1,1,1
3049,1,1,1,1,1,1,1,1,1
3050,1,1,1,1,1,1,1,1,1
3051,1,1,1,1,1,1,1,1,1
3052,1,1,1,1,1,1,1,1,1
3053,1,1,1,1,1,1,1,1,1
3054,1,1,1,1,1,1,1,1,1
3055,1,1,1,1,1,1,1,1,1
3056,1,1,1,1,1,1,1,1,1
3057,1,1,1,1,1,1,1,1,1
3058,1,1,1,1,1,1,1,1,1
3059,1,1,1,1,1,1,1,1,1
3060,1,1,1,1,1,1,1,1,1
3061,1,1,1,1,1,1,1,1,1
3062,1,1,1,1,1,1,1,1,1
3063,1,1,1,1,1,1,1,1,1
3064,1,1,1,1,1,1,1,1,1
3065,1,1,1,1,1,1,1,1,1
3066,1,1,1,1,1,1,1,1,1
3067,1,1,1,1,1,1,1,1,1
3068,1,1,1,1,1,1,1,1,1
3069,1,1,1,1,1,1,1,1,1
3070,1,1,1,1,1,1,1,1,1
3071,1,1,1,1,1,1,1,1,1
3072,1,1,1,1,1,1,1,1,1
3073,1,1,1,1,1,1,1,1,1
3074,1,1,1,1,1,1,1,1,1
3075,1,1,1,1,1,1,1,1,1
3076,1,1,1,1,1,1,1,1,1
3077,1,1,1,1,1,1,1,1,1
3078,1,1,1,1,1,1,1,1,1
3079,1,1,1,1,1,1,1,1,1
3080,1,1,1,1,1,1,1,1,1
3081,1,1,1,1,1,1,1,1,1
3082,1,1,1,1,1,1,1,1,1
3083,1,1,1,1,1,1,1,1,1
3084,1,1,1,1,1,1,1,1,1
3085,1,1,1,1,1,1,1,1,1
3086,1,1,1,1,1,1,1,1,1
3087,1,1,1,1,1,1,1,1,1
3088,1,1,1,1,1,1,1,1,1
3089,1,1,1,1,1,1,1,1,1
3090,1,1,1,1,1,1,1,1,1
3091,1,1,1,1,1,1,1,1,1
3092,1,1,1,1,1,1,1,1,1
3093,1,1,1,1,1,1,1,1,1
3094,1,1,1,1,1,1,1,1,1
3095,1,1,1,1,1,1,1,1,1
3096,1,1,1,1,1,1,1,1,1
3097,1,1,1,1,1,1,1,1,1
3098,1,1,1,1,1,1,1,1,1
3099,1,1,1,1,1,1,1,1,1
3100,1,1,1,1,1,1,1,1,1
3101,1,1,1,1,1,1,1,1,1
3102,1,1,1,1,1,1,1,1,1
3103,1,1,1,1,1,1,1,1,1
3104,1,1,1,1,1,1,1,1,1
3105,1,1,1,1,1,1,1,1,1
3106,1,1,1,1,1,1,1,1,1
3107,1,1,1,1,1,1,1,1,1
3108,1,1,1,1,1,1,1,1,1
3109,1,1,1,1,1,1,1,1,1
3110,1,1,1,1,1,1,1,1,1
3111,1,1,1,1,1,1,1,1,1
3112,1,1,1,1,1,1,1,1,1
3113,1,1,1,1,1,1,1,1,1
3114,1,1,1,1,1,1,1,1,1
3115,1,1,1,1,1,1,1,1,1
3116,1,1,1,1,1,1,1,1,1
3117,1,1,1,1,1,1,1,1,1
3118,1,1,1,1,1,1,1,1,1
3119,1,1,1,1,1,1,1,1,1
3120,1,1,1,1,1,1,1,1,1
3121,1,1,1,1,1,1,1,1,1
3122,1,1,1,1,1,1,1,1,1
3123,1,1,1,1,1,1,1,1,1
3124,1,1,1,1,1,1,1,1,1
3125,1,1,1,1,1,1,1,1,1
3126,1,1,1,1,1,1,1,1,1
3127,1,1,1,1,1,1,1,1,1
3128,1,1,1,1,1,1,1,1,1
3129,1,1,1,1,1,1,1,1,1
3130,1,1,1,1,1,1,1,1,1
3131,1,1,1,1,1,1,1,1,1
3132,1,1,1,1,1,1,1,1,1
3133,1,1,1,1,1,1,1,1,1
3134,1,1,1,1,1,1,1,1,1
3135,1,1,1,1,1,1,1,1,1
3136,1,1,1,1,1,1,1,1,1
3137,1,1,1,1,1,1,1,1,1
3138,1,1,1,1,1,1,1,1,1
3139,1,1,1,1,1,1,1,1,1
3140,1,1,1,1,1,1,1,1,1
3141,1,1,1,1,1,1,1,1,1
3142,1,1,1,1,1,1,1,1,1
3143,1,1,1,1,1,1,1,1,1
3144,1,1,1,1,1,1,1,1,1
3145,1,1,2,1,1,1,1,1,1
3146,1,1,2,2,1,1,1,1,1
3147,1,2,2,2,1,1,1,1,1
3148,1,2,2,2,1,2,1,1,1
3149,1,2,2,2,2,2,1,1,1
3150,1,2,2,2,2,2,2,1,1
3151,1,2,2,2,2,2,2,2,2
3152,1,2,2,2,2,2,2,2,2
3153,2,2,2,2,2,2,2,2,2
3154,2,2,2,2,2,2,2,2,2
3155,2,2,2,2,2,2,2,2,2
3156,2,2,2,2,2,2,2,2,2
3157,2,2,2,2,2,2,2,2,2
3158,2,2,2,2,2,2,2,2,2
3159,2,2,2,2,2,2,2,2,2
3160,2,2,2,2,2,2,2,2,2
3161,2,2,2,2,2,2,2,2,2
3162,2,2,2,2,2,2,2,2,2
3163,2,2,2,2,2,2,2,2,2
3164,2,2,2,2,2,2,2,2,2
3165,2,2,2,2,2,2,2,2,2
3166,2,2,2,2,2,2,2,2,2
3167,2,2,2,2,2,2,2,2,2
3168,2,2,2,2,2,2,2,2,2
3169,2,2,2,2,2,2,2,2,2
3170,2,2,2,2,2,2,2,2,2
3171,2,2,2,2,2,2,2,2,2
3172,2,2,2,2,2,2,2,2,2
3173,2,2,2,2,2,2,2,2,2
3174,2,2,2,2,2,2,2,2,2
3175,2,2,2,2,2,2,2,2,2
3176,2,2,2,2,2,2,2,2,2
3177,2,2,2,2,2,2,2,2,2
3178,2,2,2,2,2,2,2,2,2
3179,2,2,2,2,2,2,2,2,2
3180,2,2,2,2,2,2,2,2,2
3181,2,2,2,2,2,2,2,2,2
3182,2,2,2,2,2,2,2,2,2
3183,2,2,2,2,2,2,2,2,2
3184,2,2,2,2,2,2,2,2,2
3185,2,2,2,2,2,2,2,2,2
3186,2,2,2,2,2,2,2,2,2
3187,2,2,2,2,2,2,2,2,2
3188,2,2,2,2,2,2,2,2,2
3189,2,2,2,2,2,2,2,2,2
3190,2,2,2,2,2,2,2,2,2
3191,2,2,2,2,2,2,2,2,2
3192,2,2,2,2,2,2,2,2,2
3193,2,2,2,2,2,2,2,2,2
3194,2,2,2,2,2,2,2,2,2
3195,2,2,2,2,2,2,2,2,2
3196,2,2,2,2,2,2,2,2,2
3197,2,2,2,2,2,2,2,2,2
3198,2,2,2,2,2,2,2,2,2
3199,2,2,2,2,2,2,2,2,2
3200,2,2,2,2,2,2,2,2,2
3201,2,2,2,2,2,2,2,2,2
3202,2,2,2,2,2,2,2,2,2
3203,2,2,2,2,2,2,2,2,2
3204,2,2,2,2,2,2,2,2,2
3205,2,2,2,2,2,2,2,2,2
3206,2,2,2,2,2,2,2,2,2
3207,2,2,2,2,2,2,2,2,2
3208,2,2,2,2,2,2,2,2,2
3209,2,2,2,2,2,2,2,2,2
3210,2,2,2,2,2,2,2,2,2
3211,2,2,2,2,2,2,2,2,2
3212,2,2,2,2,2,2,2,2,2
3213,2,2,2,2,2,2,2,2,2
3214,2,2,2,2,2,2,2,2,2
3215,2,2,2,2,2,2,2,2,2
3216,2,2,2,2,2,2,2,2,2
3217,2,2,2,2,2,2,2,2,2
3218,2,2,2,2,2,2,2,2,2
3219,2,2,2,2,2,2,2,2,2
3220,2,2,2,2,2,2,2,2,2
3221,2,2,2,2,2,2,2,2,2
3222,2,2,2,2,2,2,2,2,2
3223,2,2,2,2,2,2,2,2,2
3224,2,2,2,2,2,2,2,2,2
3225,3,2,2,2,2,2,2,2,2
3226,3,2,2,2,2,2,2,2,2
3227,3,2,2,2,2,2,2,2,2
3228,3,2,2,2,2,2,2,2,2
3229,3,2,2,2,2,3,2,2,2
3230,3,2,2,2,2,3,2,2,2
3231,3,2,2,2,3,3,2,2,2
3232,3,3,2,2,3,3,3,3,2
3233,3,3,2,3,3,3,3,3,3
3234,3,3,2,3,3,3,3,3,3
3235,3,3,2,3,3,3,3,3,3
3236,3,3,2,3,3,3,3,3,3
3237,3,3,2,3,3,3,3,3,3
3238,3,3,3,3,3,3,3,3,3
3239,3,3,3,3,3,3,3,3,3
3240,3,3,3,3,3,3,3,3,3
3241,3,3,3,3,3,3,3,3,3
3242,3,3,3,3,3,3,3,3,3
3243,3,3,3,3,3,3,3,3,3
3244,3,3,3,3,3,3,3,3,3
3245,3,3,3,3,3,3,3,3,3
3246,3,3,3,3,3,3,3,3,3
3247,3,3,3,3,3,3,3,3,3
3248,3,3,3,3,3,3,3,3,3
3249,3,3,3,3,3,3,3,3,3
3250,3,3,3,3,3,3,3,3,3
3251,3,3,3,3,3,3,3,3,3
3252,3,3,3,3,3,3,3,3,3
3253,3,3,3,3,3,3,3,3,3
3254,3,3,3,3,3,3,3,3,3
3255,3,3,3,3,3,3,3,3,3
3256,3,3,3,3,3,3,3,3,3
3257,3,3,3,3,3,3,3,3,3
3258,3,3,3,3,3,3,3,3,3
3259,3,3,3,3,3,3,3,3,3
3260,3,3,3,3,3,3,3,3,3
3261,3,3,3,3,3,3,3,3,3
3262,3,3,3,3,3,3,3,3,3
3263,3,3,3,3,3,3,3,3,3
3264,3,3,3,3,3,3,3,3,3
3265,3,3,3,3,3,3,3,3,3
3266,3,3,3,3,3,3,3,3,3
3267,3,3,3,3,3,3,3,3,3
3268,3,3,3,3,3,3,3,3,3
3269,3,3,3,3,3,3,3,3,3
3270,3,3,3,3,3,3,3,3,3
3271,3,3,3,3,3,3,3,3,3
3272,3,3,3,3,3,3,3,3,3
3273,3,3,3,3,3,3,3,3,3
3274,3,3,3,3,3,3,3,3,3
3275,3,3,3,3,3,3,3,3,3
3276,3,3,3,3,3,3,3,3,3
3277,3,3,3,3,3,3,3,3,3
3278,3,3,3,3,3,3,3,3,3
3279,3,3,3,3,3,3,3,3,3
3280,3,3,3,3,3,3,3,3,3
3281,3,3,3,3,3,3,3,3,3
3282,3,3,3,3,3,3,3,3,3
3283,3,3,3,3,3,3,3,3,3
3284,3,3,3,3,3,3,3,3,3
3285,3,3,3,3,3,3,3,3,3
3286,3,3,3,3,3,3,3,3,3
3287,3,3,3,3,3,3,3,3,3
3288,3,3,3,3,3,3,3,3,3
3289,3,3,3,3,3,3,3,3,3
3290,3,3,3,3,3,3,3,3,3
3291,3,3,3,3,3,3,3,3,3
3292,3,3,3,3,3,3,3,3,3
3293,3,3,3,3,3,3,3,3,3
3294,3,3,3,3,3,3,3,3,3
3295,3,3,3,3,3,3,3,3,3
3296,3,3,3,3,3,3,3,3,3
3297,3,3,3,3,3,3,3,3,3
3298,3,3,3,3,3,3,3,3,3
3299,3,3,3,3,4,3,3,3,3
3300,3,3,3,3,4,3,4,4,3
3301,3,4,3,3,4,4,4,4,4
3302,3,4,3,3,4,4,4,4,4
3303,3,4,4,3,4,4,4,4,4
3304,3,4,4,3,4,4,4,4,4
3305,3,4,4,3,4,4,4,4,4
3306,4,4,4,3,4,4,4,4,4
3307,4,4,4,3,4,4,4,4,4
3308,4,4,4,4,4,4,4,4,4
3309,4,4,4,4,4,4,4,4,4
3310,4,4,4,4,4,4,4,4,4
3311,4,4,4,4,4,4,4,4,4
3312,4,4,4,4,4,4,4,4,4
3313,4,4,4,4,4,4,4,4,4
3314,4,4,4,4,4,4,4,4,4
3315,4,4,4,4,4,4,4,4,4
3316,4,4,4,4,4,4,4,4,4
3317,4,4,4,4,4,4,4,4,4
3318,4,4,4,4,4,4,4,4,4
3319,4,4,4,4,4,4,4,4,4
3320,4,4,4,4,4,4,4,4,4
3321,4,4,4,4,4,4,4,4,4
3322,4,4,4,4,4,4,4,4,4
3323,4,4,4,4,4,4,4,4,4
3324,4,4,4,4,4,4,4,4,4
3325,4,4,4,4,4,4,4,4,4
3326,4,4,4,4,4,4,4,4,4
3327,4,4,4,4,4,4,4,4,4
3328,4,4,4,4,4,4,4,4,4
3329,4,4,4,4,4,4,4,4,4
3330,4,4,4,4,4,4,4,4,4
3331,4,4,4,4,4,4,4,4,4
3332,4,4,4,4,4,4,4,4,4
3333,4,4,4,4,4,4,4,4,4
3334,4,4,4,4,4,4,4,4,4
3335,4,4,4,4,4,4,4,4,4
3336,4,4,4,4,4,4,4,4,4
3337,4,4,4,4,4,4,4,4,4
3338,4,4,4,4,4,4,4,4,4
3339,4,4,4,4,4,4,4,4,4
3340,4,4,4,4,4,4,4,4,4
3341,4,4,4,4,4,4,4,4,4
3342,4,4,4,4,4,4,4,4,4
3343,4,4,4,4,4,4,4,4,4
3344,4,4,4,4,4,4,4,4,4
3345,4,4,4,4,4,4,4,4,4
3346,4,4,4,4,4,4,4,4,4
3347,4,4,4,4,4,4,4,4,4
3348,4,4,4,4,4,4,4,4,4
3349,4,4,4,4,4,4,4,4,4
3350,4,4,4,4,4,4,4,4,4
3351,4,4,4,4,4,4,4,4,4
3352,4,4,4,4,4,4,4,4,4
3353,4,4,4,4,4,4,4,4,4
3354,4,4,4,4,4,4,4,4,4
3355,4,4,4,4,4,4,4,4,4
3356,4,4,4,4,4,4,4,4,4
3357,4,4,4,4,4,4,4,4,4
3358,4,4,4,4,4,4,4,4,4
3359,4,4,4,4,4,4,4,4,4
3360,4,4,4,4,4,4,4,4,4
3361,4,4,4,4,4,4,4,4,4
3362,4,4,4,4,4,4,4,4,4
3363,4,4,4,4,4,4,4,4,4
3364,4,4,4,4,4,4,4,4,4
3365,4,4,4,4,4,4,4,4,4
3366,4,4,4,4,4,4,4,4,4
3367,4,4,4,4,4,4,4,4,4
3368,4,4,4,4,4,4,4,4,4
3369,4,4,4,4,4,4,4,4,4
3370,4,4,4,4,4,4,4,4,4
3371,4,4,4,4,4,4,4,4,4
3372,4,4,4,4,4,4,4,4,4
3373,4,4,4,4,4,4,4,4,4
3374,4,4,4,4,4,4,4,4,4
3375,4,4,4,4,4,4,4,4,4
3376,4,4,4,4,4,4,4,4,4
3377,4,4,4,4,4,4,4,4,4
3378,4,4,4,4,4,4,4,4,4
3379,4,4,4,4,4,4,4,4,4
3380,4,4,4,4,4,4,4,4,4
3381,4,4,4,3,4,4,4,4,4
3382,4,4,4,3,4,4,4,4,4
3383,4,3,4,3,4,3,3,3,4
3384,4,3,3,3,3,3,3,3,3
3385,4,3,3,3,3,3,3,3,3
3386,4,3,3,3,3,3,3,3,3
3387,3,3,3,3,3,3,3,3,3
3388,3,3,3,3,3,3,3,3,3
3389,3,3,3,3,3,3,3,3,3
3390,3,3,3,3,3,3,3,3,3
3391,3,3,3,3,3,3,3,3,3
3392,3,3,3,3,3,3,3,3,3
3393,3,3,3,3,3,3,3,3,3
3394,3,3,3,3,3,3,3,3,3
3395,3,3,3,3,3,3,3,3,3
3396,3,3,3,3,3,3,3,3,3
3397,3,3,3,3,3,3,3,3,3
3398,3,3,3,3,3,3,3,3,3
3399,3,3,3,3,3,3,3,3,3
3400,3,3,3,3,3,3,3,3,3
3401,3,3,3,3,3,3,3,3,3
3402,3,3,3,3,3,3,3,3,3
3403,3,3,3,3,3,3,3,3,3
3404,3,3,3,3,3,3,3,3,3
3405,3,3,3,3,3,3,3,3,3
3406,3,3,3,3,3,3,3,3,3
3407,3,3,3,3,3,3,3,3,3
3408,3,3,3,3,3,3,3,3,3
3409,3,3,3,3,3,3,3,3,3
3410,3,3,3,3,3,3,3,3,3
3411,3,3,3,3,3,3,3,3,3
3412,3,3,3,3,3,3,3,3,3
3413,3,3,3,3,3,3,3,3,3
3414,3,3,3,3,3,3,3,3,3
3415,3,3,3,3,3,3,3,3,3
3416,3,3,3,3,3,3,3,3,3
3417,3,3,3,3,3,3,3,3,3
3418,3,3,3,3,3,3,3,3,3
3419,3,3,3,3,3,3,3,3,3
3420,3,3,3,3,3,3,3,3,3
3421,3,3,3,3,3,3,3,3,3
3422,3,3,3,3,3,3,3,3,3
3423,3,3,3,3,3,3,3,3,3
3424,3,3,3,3,3,3,3,3,3
3425,3,3,3,3,3,3,3,3,3
3426,3,3,3,3,3,3,3,3,3
3427,3,3,3,3,3,3,3,3,3
3428,3,3,3,3,3,3,3,3,3
3429,3,3,3,3,3,3,3,3,3
3430,3,3,3,3,3,3,3,3,3
3431,3,3,3,3,3,3,3,3,3
3432,3,3,3,3,3,3,3,3,3
3433,3,3,3,3,3,3,3,3,3
3434,3,3,3,3,3,3,3,3,3
3435,3,3,3,3,3,3,3,3,3
3436,3,3,3,3,3,3,3,3,3
3437,3,3,3,3,3,3,3,3,3
3438,3,3,3,3,3,3,3,3,3
3439,3,3,3,3,3,3,3,3,3
3440,3,3,3,3,3,3,3,3,3
3441,3,3,3,3,3,3,3,3,3
3442,3,3,3,3,3,3,3,3,3
3443,3,3,3,3,3,3,3,3,3
3444,3,3,3,3,4,3,3,3,3
3445,3,3,3,3,4,3,3,3,3
3446,3,3,3,3,4,3,3,3,3
3447,3,4,4,3,4,4,4,3,4
3448,3,4,4,3,4,4,4,4,4
3449,3,4,4,4,4,4,4,4,4
3450,4,4,4,4,4,4,4,4,4
3451,4,4,4,4,4,4,4,4,4
3452,4,4,4,4,4,4,4,4,4
3453,4,4,4,4,4,4,4,4,4
3454,4,4,4,4,4,4,4,4,4
3455,4,4,4,4,4,4,4,4,4
3456,4,4,4,4,4,4,4,4,4
3457,4,4,4,4,4,4,4,4,4
3458,4,4,4,4,4,4,4,4,4
3459,4,4,4,4,4,4,4,4,4
3460,4,4,4,4,4,4,4,4,4
3461,4,4,4,4,4,4,4,4,4
3462,4,4,4,4,4,4,4,4,4
3463,4,4,4,4,4,4,4,4,4
3464,4,4,4,4,4,4,4,4,4
3465,4,4,4,4,4,4,4,4,4
3466,4,4,4,4,4,4,4,4,4
3467,4,4,4,4,4,4,4,4,4
3468,4,4,4,4,4,4,4,4,4
3469,4,4,4,4,4,4,4,4,4
3470,4,4,4,4,4,4,4,4,4
3471,4,4,4,4,4,4,4,4,4
3472,4,4,4,4,4,4,4,4,4
3473,4,4,4,4,4,4,4,4,4
3474,4,4,4,4,4,4,4,4,4
3475,4,4,4,4,4,4,4,4,4
3476,4,4,4,4,4,4,4,4,4
3477,4,4,4,4,4,4,4,4,4
3478,4,4,4,4,4,4,4,4,4
3479,4,4,4,4,4,4,4,4,4
3480,4,4,4,4,4,4,4,4,4
3481,4,4,4,4,4,4,4,4,4
3482,4,4,4,4,4,4,4,4,4
3483,4,4,4,4,4,4,4,4,4
3484,4,4,4,4,4,4,4,4,4
3485,4,4,4,4,4,4,4,4,4
3486,4,4,4,4,4,4,4,4,4
3487,4,4,4,4,4,4,4,4,4
3488,4,4,4,4,4,4,4,4,4
3489,4,4,4,4,4,4,4,4,4
3490,4,4,4,4,4,4,4,4,4
3491,4,4,4,4,4,4,4,4,4
3492,3,4,4,4,4,4,4,4,4
3493,3,4,4,4,4,4,4,4,4
3494,3,4,4,4,4,3,4,3,4
3495,3,4,4,4,4,3,4,3,4
3496,3,3,4,3,4,3,3,3,3
3497,3,3,4,3,3,3,3,3,3
3498,3,3,3,3,3,3,3,3,3
3499,3,3,3,3,3,3,3,3,3
3500,3,3,3,3,3,3,3,3,3
3501,3,3,3,3,3,3,3,3,3
3502,3,3,3,3,3,3,3,3,3
3503,3,3,3,3,3,3,3,3,3
3504,3,3,3,3,3,3,3,3,3
3505,3,3,3,3,3,3,3,3,3
3506,3,3,3,3,3,3,3,3,3
3507,3,3,3,3,3,3,3,3,3
3508,3,3,3,3,3,3,3,3,3
3509,3,3,3,3,3,3,3,3,3
3510,3,3,3,3,3,3,3,3,3
3511,3,3,3,3,3,3,3,3,3
3512,3,3,3,3,3,3,3,3,3
3513,3,3,3,3,3,3,3,3,3
3514,3,3,3,3,3,3,3,3,3
3515,3,3,3,3,3,3,3,3,3
3516,3,3,3,3,3,3,3,3,3
3517,3,3,3,3,3,3,3,3,3
3518,3,3,3,3,3,3,3,3,3
3519,3,3,3,3,3,3,3,3,3
3520,3,3,3,3,3,3,3,3,3
3521,3,3,3,3,3,3,3,3,3
3522,3,3,3,3,3,3,3,3,3
3523,3,3,3,3,3,3,3,3,3
3524,3,3,3,3,3,3,3,3,3
3525,3,3,3,3,3,3,3,3,3
3526,3,3,3,3,3,3,3,3,3
3527,3,3,3,3,3,3,3,3,3
3528,3,3,3,3,3,3,3,3,3
3529,3,3,3,3,3,3,3,3,3
3530,3,3,3,3,3,3,3,3,3
3531,3,3,3,3,3,3,3,3,3
3532,3,3,3,3,3,3,3,3,3
3533,3,3,3,3,3,3,3,3,3
3534,3,3,3,3,3,3,3,3,3
3535,3,3,3,3,4,3,3,3,3
3536,3,3,3,3,4,3,3,3,3
3537,3,3,3,3,4,3,3,3,3
3538,3,0,3,3,4,3,3,3,3
3539,3,0,3,3,4,3,3,3,3
3540,3,0,3,3,4,0,3,3,3
3541,3,0,0,3,4,0,3,4,4
3542,3,0,0,3,4,0,4,4,4
3543,4,0,0,4,4,0,4,4,4
3544,4,0,0,4,4,0,4,4,4
3545,4,4,0,4,4,0,4,4,4
3546,4,4,0,4,4,0,4,4,4
3547,4,4,0,4,4,0,4,4,4
3548,4,0,0,4,4,0,4,4,4
3549,4,0,0,4,4,0,4,4,4
3550,4,0,0,4,4,0,4,4,4
3551,4,0,0,4,4,0,4,4,4
3552,4,0,0,4,4,0,4,4,4
3553,4,4,0,4,4,0,4,4,4
3554,4,0,0,4,4,0,4,4,4
3555,4,4,0,4,4,0,4,4,4
3556,4,4,0,4,4,0,4,4,4
3557,4,4,0,4,4,0,4,4,4
3558,4,4,0,4,4,0,4,4,4
3559,4,4,0,4,4,0,4,4,4
3560,4,4,0,4,4,0,4,4,4
3561,4,4,0,4,4,0,4,4,4
3562,4,4,0,4,4,0,4,4,4
3563,4,4,0,4,4,0,4,4,4
3564,4,4,0,4,4,0,4,4,4
3565,4,4,0,4,4,0,4,4,4
3566,4,0,0,4,4,0,4,4,4
3567,4,0,0,4,4,0,4,4,4
3568,4,0,0,4,4,0,4,4,4
3569,4,0,0,4,4,0,4,4,4
3570,4,0,0,4,4,0,4,4,4
3571,4,0,0,4,4,0,4,4,4
3572,4,0,0,4,4,0,4,4,4
3573,4,4,0,4,4,0,4,4,4
3574,4,0,0,4,4,0,4,4,4
3575,4,4,0,4,4,0,4,4,4
3576,4,4,0,4,4,0,4,4,4
3577,4,4,0,4,4,0,4,4,4
3578,4,4,0,4,4,0,4,4,4
3579,4,4,0,4,4,0,4,4,4
3580,4,4,0,4,4,0,4,4,4
3581,4,4,0,4,4,0,4,4,4
3582,4,4,0,4,4,0,4,4,4
3583,4,4,0,4,4,0,4,4,4
3584,4,4,0,4,4,0,4,4,4
3585,3,0,0,4,4,0,4,4,4
3586,3,0,0,4,4,0,4,4,4
3587,3,3,0,4,4,0,3,4,4
3588,3,3,3,4,4,3,3,4,4
3589,3,3,3,3,4,3,3,3,3
3590,3,3,3,3,4,3,3,3,3
3591,3,3,3,3,4,3,3,3,3
3592,3,3,3,3,3,3,3,3,3
3593,3,3,3,3,3,3,3,3,3
3594,3,3,3,3,3,3,3,3,3
3595,3,3,3,3,3,3,3,3,3
3596,3,3,3,3,3,3,3,3,3
3597,3,3,3,3,3,3,3,3,3
3598,3,3,3,3,3,3,3,3,3
3599,3,3,3,3,3,3,3,3,3
3600,3,3,3,3,3,3,3,3,3
3601,3,3,3,3,3,3,3,3,3
3602,3,3,3,3,3,3,3,3,3
3603,3,3,3,3,3,3,3,3,3
3604,3,3,3,3,3,3,3,3,3
3605,3,3,3,3,3,3,3,3,3
3606,3,3,3,3,3,3,3,3,3
3607,3,3,3,3,3,3,3,3,3
3608,3,3,3,3,3,3,3,3,3
3609,3,3,3,3,3,3,3,3,3
3610,3,3,3,3,3,3,3,3,3
3611,3,3,3,3,3,3,3,3,3
3612,3,3,3,3,3,3,3,3,3
3613,3,3,3,3,3,3,3,3,3
3614,3,3,3,3,3,3,3,3,3
3615,3,3,3,3,3,3,3,3,3
3616,3,3,3,3,3,3,3,3,3
3617,3,3,3,3,3,3,3,3,3
3618,3,3,3,3,3,3,3,3,3
3619,3,3,3,3,3,3,3,3,3
3620,3,3,3,3,3,3,3,3,3
3621,3,3,3,3,3,3,3,3,3
3622,3,3,3,3,3,3,3,3,3
3623,3,3,3,3,3,3,3,3,3
3624,3,3,3,3,3,3,3,3,3
3625,3,3,3,3,3,3,3,3,3
3626,3,3,3,3,3,3,3,3,3
3627,3,3,3,3,3,3,3,3,3
3628,3,3,3,3,3,3,3,3,3
3629,3,3,3,3,3,3,3,3,3
3630,3,3,3,3,3,3,3,3,3
3631,3,3,3,3,3,3,3,3,3
3632,3,3,3,3,3,3,3,3,3
3633,3,3,3,3,3,3,3,3,3
3634,3,3,3,3,3,3,3,3,3
3635,3,3,3,3,4,3,3,3,3
3636,3,3,3,3,4,3,3,3,3
3637,3,3,3,3,4,3,3,3,4
3638,3,4,3,3,4,4,4,4,4
3639,4,4,4,3,4,4,4,4,4
3640,4,4,4,4,4,4,4,4,4
3641,4,4,4,4,4,4,4,4,4
3642,4,4,4,4,4,4,4,4,4
3643,4,4,4,4,4,4,4,4,4
3644,4,4,4,4,4,4,4,4,4
3645,4,4,4,4,4,4,4,4,4
3646,4,4,4,4,4,4,4,4,4
3647,4,4,4,4,4,4,4,4,4
3648,4,4,4,4,4,4,4,4,4
3649,4,4,4,4,4,4,4,4,4
3650,4,4,4,4,4,4,4,4,4
3651,4,4,4,4,4,4,4,4,4
3652,4,4,4,4,4,4,4,4,4
3653,4,4,4,4,4,4,4,4,4
3654,4,4,4,4,4,4,4,4,4
3655,4,4,4,4,4,4,4,4,4
3656,4,4,4,4,4,4,4,4,4
3657,4,4,4,4,4,4,4,4,4
3658,4,4,4,4,4,4,4,4,4
3659,4,4,4,4,4,4,4,4,4
3660,4,4,4,4,4,4,4,4,4
3661,4,4,4,4,4,4,4,4,4
3662,4,4,4,4,4,4,4,4,4
3663,4,4,4,4,4,4,4,4,4
3664,4,4,4,4,4,4,4,4,4
3665,4,4,4,4,4,4,4,4,4
3666,4,4,4,4,4,4,4,4,4
3667,4,4,4,4,4,4,4,4,4
3668,4,4,4,4,4,4,4,4,4
3669,4,4,4,4,4,4,4,4,4
3670,4,4,4,4,4,4,4,4,4
3671,4,4,4,4,4,4,4,4,4
3672,4,4,4,4,4,4,4,4,4
3673,4,4,4,4,4,4,4,4,4
3674,4,4,4,4,4,4,4,4,4
3675,4,4,4,4,4,4,4,4,4
3676,4,4,4,4,4,4,4,4,4
3677,4,4,0,4,4,4,4,0,4
3678,4,4,0,4,4,4,4,0,4
3679,4,4,0,4,4,4,4,0,4
3680,4,4,0,4,4,4,4,0,4
3681,4,4,0,4,4,4,4,0,0
3682,4,0,0,4,4,3,3,0,0
3683,4,0,0,4,4,3,0,0,0
3684,4,0,0,4,4,3,0,0,0
3685,4,0,0,0,4,3,0,0,0
3686,4,0,0,0,4,3,0,0,0
3687,0,0,0,0,4,3,0,0,0
3688,0,0,0,0,4,3,0,0,0
3689,0,0,0,0,4,3,0,0,0
3690,0,0,0,0,4,3,0,0,0
3691,0,0,0,0,4,3,0,0,0
3692,0,0,0,0,4,3,0,0,0
3693,0,0,0,0,0,3,0,0,0
3694,0,0,0,0,0,3,0,0,0
3695,0,0,0,0,0,3,0,0,0
3696,0,0,0,0,0,3,0,0,0
3697,0,0,0,0,0,3,0,0,0
3698,0,0,0,0,0,0,0,0,0
3699,0,0,0,0,0,0,0,0,0
3700,0,0,0,0,0,0,0,0,0
3701,0,0,0,0,0,0,0,0,0
3702,0,0,0,0,0,0,0,0,0
3703,0,0,0,0,0,0,0,0,0
3704,0,0,0,0,0,0,0,0,0
3705,0,0,0,0,0,0,0,0,0
3706,0,0,0,0,0,0,0,0,0
3707,0,0,0,0,0,0,0,0,0
3708,0,0,0,0,0,0,0,0,0
3709,0,0,0,0,0,0,0,0,0
3710,0,0,0,0,0,0,0,0,0
3711,0,0,0,0,0,0,0,0,0
3712,0,0,0,0,0,0,0,0,0
3713,0,0,0,0,0,0,0,0,0
3714,0,0,0,0,0,0,0,0,0
3715,0,0,0,0,0,0,0,0,0
3716,0,0,0,0,0,0,0,0,0
3717,0,0,0,0,0,0,0,0,0
3718,0,0,0,0,0,0,0,0,0
3719,0,0,0,0,0,0,0,0,0
3720,0,0,0,0,0,0,0,0,0
3721,0,0,0,0,0,0,0,0,0
3722,0,0,0,0,0,0,0,0,0
3723,0,0,0,0,0,0,0,0,0
3724,0,0,0,0,0,0,0,0,0
3725,0,0,0,0,0,0,0,0,0
3726,0,0,0,0,0,0,0,0,0
3727,0,0,0,0,0,0,0,0,0
3728,0,0,0,0,0,0,0,0,0
3729,0,0,0,0,0,0,0,0,0
3730,0,0,0,0,0,0,0,0,0
3731,0,0,0,0,0,0,0,0,0
3732,0,0,0,0,0,0,0,0,0
3733,0,0,0,0,0,0,0,0,0
3734,0,0,0,0,0,0,0,0,0
3735,0,0,0,0,0,0,0,0,0
3736,0,0,0,0,0,0,0,0,0
3737,0,0,0,0,0,0,0,0,0
3738,0,0,0,0,0,0,0,0,0
3739,0,0,0,0,0,0,0,0,0
3740,0,0,0,0,0,0,0,0,0
3741,0,0,0,0,0,0,0,0,0
3742,0,0,0,0,0,0,0,0,0
3743,0,0,0,0,0,0,0,0,0
3744,0,0,0,0,0,0,0,0,0
3745,0,0,0,0,0,0,0,0,0
3746,0,0,0,0,0,0,0,0,0
3747,0,0,0,0,0,0,0,0,0
3748,0,0,0,0,0,0,0,0,0
3749,0,0,0,0,0,0,0,0,0
3750,0,0,0,0,0,0,0,0,0
3751,0,0,0,0,0,0,0,0,0
3752,0,0,0,0,0,0,0,0,0
3753,0,0,0,0,0,0,0,0,0
3754,0,0,0,0,0,0,0,0,0
3755,0,0,0,0,0,0,0,0,0
3756,0,0,0,0,0,0,0,0,0
3757,0,0,0,0,0,0,0,0,0
3758,0,0,0,0,0,0,0,0,0
3759,0,0,0,0,0,0,0,0,0
3760,0,0,0,0,0,0,0,0,0
3761,0,0,0,0,0,0,0,0,0
3762,0,0,0,0,0,0,0,0,0
3763,0,0,0,0,0,0,0,0,0
3764,0,0,0,0,0,0,0,0,0
3765,0,0,0,0,0,0,0,0,0
3766,0,0,0,0,0,0,0,0,0
3767,0,0,0,0,0,0,0,0,0
3768,0,0,0,0,0,0,0,0,0
3769,0,0,0,0,0,0,0,0,0
3770,0,0,0,0,0,0,0,0,0
3771,0,0,0,0,0,0,0,0,0
3772,0,0,0,0,0,0,0,0,0
3773,0,0,0,0,0,0,0,0,0
3774,0,0,0,0,0,0,0,0,0
3775,0,0,0,0,0,0,0,0,0
3776,0,0,0,0,5,0,0,0,0
3777,0,0,0,0,5,0,0,0,0
3778,0,0,0,0,5,0,0,0,0
3779,0,0,0,0,5,0,0,0,5
3780,5,0,0,5,5,0,0,0,5
3781,5,5,0,5,5,0,0,0,5
3782,5,5,0,5,5,0,0,0,5
3783,5,5,0,5,5,0,0,0,5
3784,5,5,5,5,5,0,0,5,5
3785,5,5,5,5,5,5,0,5,5
3786,5,5,5,5,5,5,0,5,5
3787,5,5,5,5,5,5,0,5,5
3788,5,5,5,5,5,5,5,5,5
3789,5,5,5,5,5,5,5,5,5
3790,5,5,5,5,5,5,5,5,5
3791,5,5,5,5,5,5,5,5,5
3792,5,5,5,5,5,5,5,5,5
3793,5,5,5,5,5,5,5,5,5
3794,5,5,5,5,5,5,5,5,5
3795,5,5,5,5,5,5,5,5,5
3796,5,5,5,5,5,5,5,5,5
3797,5,5,5,5,5,5,5,5,5
3798,5,5,5,5,5,5,5,5,5
3799,5,5,5,5,5,5,5,5,5
3800,5,5,5,5,5,5,5,5,5
3801,5,5,5,5,5,5,5,5,5
3802,5,5,5,5,5,5,5,5,5
3803,5,5,5,5,5,5,5,5,5
3804,5,5,5,5,5,5,5,5,5
3805,5,5,5,5,5,5,5,5,5
3806,5,5,5,5,5,5,5,5,5
3807,5,5,5,5,5,5,5,5,5
3808,5,5,5,5,5,5,5,5,5
3809,5,5,5,5,5,5,5,5,5
3810,0,5,5,5,5,5,5,5,5
3811,0,5,5,5,5,5,0,5,5
3812,0,5,5,5,5,0,0,5,5
3813,0,5,5,5,5,0,0,5,5
3814,0,0,0,0,5,0,0,5,5
3815,0,0,0,0,5,0,0,0,5
3816,0,0,0,0,5,0,0,0,5
3817,0,0,0,0,5,0,0,0,5
3818,0,0,0,0,5,0,0,0,0
3819,0,0,0,0,5,0,0,0,0
3820,0,0,0,0,5,0,0,0,0
3821,0,0,0,0,0,0,0,0,0
3822,0,0,0,0,0,0,0,0,0
3823,0,0,0,0,0,0,0,0,0
3824,0,0,0,0,0,0,0,0,0
3825,0,0,0,0,0,0,0,0,0
3826,0,0,0,0,0,0,0,0,0
3827,0,0,0,0,0,0,0,0,0
3828,0,0,0,0,0,0,0,0,0
3829,0,0,0,0,0,0,0,0,0
3830,0,0,0,0,0,0,0,0,0
3831,0,0,0,0,0,0,0,0,0
3832,0,0,0,0,0,0,0,0,0
3833,0,0,0,0,0,0,0,0,0
3834,0,0,0,0,0,0,0,0,0
3835,0,0,0,0,0,0,0,0,0
3836,0,0,0,0,0,0,0,0,0
3837,0,0,0,0,0,0,0,0,0
3838,0,0,0,0,0,0,0,0,0
3839,0,0,0,0,0,0,0,0,0
3840,0,0,0,0,0,0,0,0,0
3841,0,0,0,0,0,0,0,0,0
3842,0,0,0,0,0,0,0,0,0
3843,0,0,0,0,0,0,0,0,0
3844,0,0,0,0,0,0,0,0,0
3845,0,0,0,0,0,0,0,0,0
3846,0,0,0,0,0,0,0,0,0
3847,0,0,0,0,0,0,0,0,0
3848,0,0,0,0,0,0,0,0,0
3849,0,0,0,0,0,0,0,0,0
3850,0,0,0,0,0,0,0,0,0
3851,0,0,0,0,0,0,0,0,0
3852,0,0,0,0,0,0,0,0,0
3853,0,0,0,0,0,0,0,0,0
3854,0,0,0,0,0,0,0,0,0
3855,0,0,0,0,0,0,0,0,0
3856,0,0,0,0,0,0,0,0,0
3857,0,0,0,0,0,0,0,0,0
3858,0,0,0,0,0,0,0,0,0
3859,0,0,0,0,0,0,0,0,0
3860,0,0,0,0,0,0,0,0,0
3861,0,0,0,0,0,0,0,0,0
3862,0,0,0,0,0,0,0,0,0
3863,0,0,0,0,0,0,0,0,0
3864,0,0,0,0,0,0,0,0,0
3865,0,0,0,0,0,0,0,0,0
3866,0,0,0,0,0,0,0,0,0
3867,0,0,0,0,0,0,0,0,0
3868,0,0,0,0,0,0,0,0,0
3869,0,0,0,0,0,0,0,0,0
3870,0,0,0,0,0,0,0,0,0
3871,0,0,0,0,0,0,0,0,0
3872,0,0,0,0,0,0,0,0,0
3873,0,0,0,0,0,0,0,0,0
3874,0,0,0,0,0,0,0,0,0
3875,0,0,0,0,0,0,0,0,0
3876,0,0,0,0,0,0,0,0,0
3877,0,0,0,0,0,0,0,0,0
3878,0,0,0,0,0,0,0,0,0
3879,0,0,0,0,0,0,0,0,0
3880,0,0,0,0,0,0,0,0,0
3881,0,0,0,0,0,0,0,0,0
3882,0,0,0,0,0,0,0,0,0
3883,0,0,0,0,0,0,0,0,0
3884,0,0,0,0,0,0,0,0,0
3885,0,0,0,0,0,0,0,0,0
3886,0,0,0,0,0,0,0,0,0
3887,0,0,0,0,0,0,0,0,0
3888,0,0,0,0,0,0,0,0,0
3889,0,0,0,0,0,0,0,0,0
3890,0,0,0,0,0,0,0,0,0
3891,0,0,0,0,0,0,0,0,0
3892,0,0,0,0,0,0,0,0,0
3893,0,0,0,0,0,0,0,0,0
3894,0,0,0,0,0,0,0,0,0
3895,0,0,0,0,0,0,0,0,0
3896,0,0,0,0,0,0,0,0,0
3897,0,0,0,0,0,0,0,0,0
3898,0,0,0,0,0,0,0,0,0
3899,0,0,0,0,0,0,0,0,0
3900,0,0,0,0,0,0,0,0,0
3901,0,0,0,0,0,0,0,0,0
3902,0,0,0,0,0,0,0,0,0
3903,0,0,0,0,0,0,0,0,0
3904,0,0,0,0,0,0,0,0,0
3905,0,0,0,0,0,0,0,0,0
3906,0,0,0,0,0,0,0,0,0
3907,0,0,0,0,0,0,0,0,0
3908,0,0,0,0,0,0,0,0,0
3909,0,0,0,0,0,0,0,0,0
3910,0,0,0,0,0,0,0,0,0
3911,0,0,0,0,0,0,0,0,0
3912,0,0,0,0,0,0,0,0,0
3913,0,0,0,0,0,0,0,0,0
3914,0,0,0,0,0,0,0,0,0
3915,0,0,0,0,0,0,0,0,0
3916,0,0,0,0,0,0,0,0,0
3917,0,0,0,0,0,0,0,0,0
3918,0,0,0,0,0,0,0,0,0
3919,0,0,0,0,0,0,0,0,0
3920,0,0,0,0,0,0,0,0,0
3921,0,0,0,0,0,0,0,0,0
3922,0,0,0,0,0,0,0,0,0
3923,0,0,0,0,0,0,0,0,0
3924,0,0,0,0,0,0,0,0,0
3925,0,0,0,0,0,0,0,0,0
3926,0,0,0,0,0,0,0,0,0
3927,0,0,0,0,0,0,0,0,0
3928,0,0,0,0,0,0,0,0,0
3929,0,0,0,0,0,0,0,0,0
3930,0,0,0,0,0,0,0,0,0
3931,0,0,0,0,0,0,0,0,0
3932,0,0,0,0,0,0,0,0,0
3933,0,0,0,0,0,0,0,0,0
3934,0,0,0,0,0,0,0,0,0
3935,0,0,0,0,0,0,0,0,0
3936,0,0,0,0,0,0,0,0,0
3937,0,0,0,0,0,0,0,0,0
3938,0,0,0,0,0,0,0,0,0
3939,0,0,0,0,0,0,0,0,0
3940,0,0,0,0,0,0,0,0,0
3941,0,0,0,0,0,0,0,0,0
3942,0,0,0,0,0,0,0,0,0
3943,0,0,0,0,0,0,0,0,0
3944,0,0,0,0,0,0,0,0,0
3945,0,0,0,0,0,0,0,0,0
3946,0,0,0,0,0,0,0,0,0
3947,0,0,0,0,0,0,0,0,0
3948,0,0,0,0,0,0,0,0,0
3949,0,0,0,0,0,0,0,0,0
3950,0,0,0,0,0,0,0,0,0
3951,0,0,0,0,0,0,0,0,0
3952,0,0,0,0,0,0,0,0,0
3953,0,0,0,0,0,0,0,0,0
3954,0,0,0,0,0,0,0,0,0
3955,0,0,0,0,0,0,0,0,0
3956,0,0,0,0,0,0,0,0,0
3957,0,0,0,0,0,0,0,0,0
3958,0,0,0,0,0,0,0,0,0
3959,0,0,0,0,0,0,0,0,0
3960,0,0,0,0,0,0,0,0,0
3961,0,0,0,0,0,0,0,0,0
3962,0,0,0,0,0,0,0,0,0
3963,0,0,0,0,0,0,0,0,0